order_item_id,order_id,product_id,quantity,unit_price,discount_percent,transaction_type,quantity_abs,revenue
OI000001,O000648,P00109,5,8511.21,6.5,PURCHASE,5,39789.906749999995
OI000002,O000092,P00203,1,21779.71,40.0,PURCHASE,1,13067.826
OI000003,O000517,P00491,3,28367.71,25.4,PURCHASE,3,63486.934980000005
OI000004,O000280,P00126,3,13848.0,24.0,PURCHASE,3,31573.44
OI000005,O000662,P00473,1,227.95,0.4,PURCHASE,1,227.0382
OI000006,O000714,P00361,4,16190.13,31.5,PURCHASE,4,44360.9562
OI000007,O000032,P00457,4,10654.54,32.5,PURCHASE,4,28767.258000000005
OI000008,O000182,P00430,1,11177.37,7.7,PURCHASE,1,10316.712510000001
OI000009,O000777,P00144,3,24506.8,25.0,PURCHASE,3,55140.299999999996
OI000010,O000506,P00496,3,14835.85,28.2,PURCHASE,3,31956.4209
OI000012,O000699,P00309,5,17686.12,29.8,PURCHASE,5,62078.28119999999
OI000013,O000234,P00452,5,8302.41,33.9,PURCHASE,5,27439.465050000003
OI000014,O000695,P00273,5,16847.47,18.2,PURCHASE,5,68906.15230000002
OI000015,O000666,P00027,3,29853.68,11.0,PURCHASE,3,79709.32560000001
OI000016,O000371,P00265,1,6813.99,11.1,PURCHASE,1,6057.63711
OI000017,O000006,P00201,2,26414.94,32.3,PURCHASE,2,35765.828760000004
OI000018,O000707,P00217,1,5986.62,13.2,PURCHASE,1,5196.38616
OI000019,O000029,P00246,4,17816.67,25.1,PURCHASE,4,53378.743319999994
OI000020,O000111,P00243,2,24992.27,32.9,PURCHASE,2,33539.62634
OI000021,O000075,P00398,5,22946.55,25.0,PURCHASE,5,86049.5625
OI000022,O000063,P00470,1,26713.5,27.7,PURCHASE,1,19313.860500000003
OI000023,O000453,P00029,3,13011.99,4.1,PURCHASE,3,37435.49523
OI000024,O000391,P00206,1,12392.13,34.6,PURCHASE,1,8104.453019999998
OI000025,O000465,P00197,4,26410.15,24.8,PURCHASE,4,79441.73120000001
OI000026,O000027,P00233,5,5855.19,4.1,PURCHASE,5,28075.636049999997
OI000027,O000199,P00464,5,15316.05,14.2,PURCHASE,5,65705.8545
OI000028,O000191,P00125,2,1908.69,12.5,PURCHASE,2,3340.2075
OI000029,O000773,P00184,3,16280.2,5.8,PURCHASE,3,46007.8452
OI000030,O000299,P00189,1,19764.54,5.8,PURCHASE,1,18618.19668
OI000031,O000573,P00440,1,5942.67,8.0,PURCHASE,1,5467.2564
OI000032,O000350,P00097,4,29459.51,24.0,PURCHASE,4,89556.9104
OI000033,O000344,P00316,3,4952.17,18.2,PURCHASE,3,12152.625180000001
OI000034,O000225,P00472,1,20827.29,18.7,PURCHASE,1,16932.586769999998
OI000035,O000787,P00488,3,11339.76,16.0,PURCHASE,3,28576.1952
OI000037,O000784,P00185,1,6053.77,11.4,PURCHASE,1,5363.64022
OI000038,O000179,P00174,5,5960.03,7.0,PURCHASE,5,27714.139499999997
OI000039,O000694,P00071,4,26561.84,13.5,PURCHASE,4,91903.9664
OI000040,O000379,P00415,3,28240.74,39.1,PURCHASE,3,51595.83198
OI000041,O000729,P00034,1,27732.25,31.8,PURCHASE,1,18913.3945
OI000042,O000384,P00163,5,19120.67,36.8,PURCHASE,5,60421.3172
OI000043,O000549,P00151,2,1692.44,31.8,PURCHASE,2,2308.48816
OI000044,O000599,P00454,4,2534.09,18.8,PURCHASE,4,8230.724320000001
OI000045,O000521,P00199,5,15614.88,7.2,PURCHASE,5,72453.04319999999
OI000046,O000495,P00367,4,17477.48,25.5,PURCHASE,4,52082.8904
OI000047,O000213,P00113,2,7108.1,8.7,PURCHASE,2,12979.3906
OI000048,O000161,P00479,3,2634.29,30.1,PURCHASE,3,5524.10613
OI000049,O000236,P00299,1,18671.66,17.0,PURCHASE,1,15497.477799999999
OI000050,O000510,P00163,3,5469.02,9.4,PURCHASE,3,14864.796360000002
OI000051,O000085,P00151,5,19345.27,31.4,PURCHASE,5,66354.2761
OI000052,O000074,P00185,1,10079.36,27.0,PURCHASE,1,7357.9328000000005
OI000053,O000787,P00350,3,18160.62,5.5,PURCHASE,3,51485.3577
OI000054,O000557,P00468,-3,9054.28,32.9,RETURN,3,-18226.265640000005
OI000055,O000416,P00421,5,455.53,26.2,PURCHASE,5,1680.9056999999998
OI000056,O000408,P00117,2,6375.26,9.3,PURCHASE,2,11564.721640000002
OI000057,O000480,P00370,4,2667.69,33.8,PURCHASE,4,7064.04312
OI000058,O000428,P00108,4,16797.56,15.0,PURCHASE,4,57111.704000000005
OI000059,O000756,P00005,4,25045.54,13.6,PURCHASE,4,86557.38624
OI000060,O000414,P00391,5,17649.96,22.7,PURCHASE,5,68217.09539999999
OI000061,O000339,P00291,5,17258.97,15.6,PURCHASE,5,72832.8534
OI000062,O000066,P00274,4,3348.29,22.8,PURCHASE,4,10339.51952
OI000063,O000096,P00088,1,5411.32,33.1,PURCHASE,1,3620.17308
OI000064,O000204,P00036,4,7067.88,26.4,PURCHASE,4,20807.83872
OI000065,O000531,P00006,2,27303.39,15.6,PURCHASE,2,46088.122319999995
OI000066,O000429,P00245,1,27117.27,8.3,PURCHASE,1,24866.53659
OI000067,O000727,P00341,4,17295.23,12.4,PURCHASE,4,60602.48592
OI000068,O000470,P00142,-2,4366.49,2.6,RETURN,2,-8505.92252
OI000069,O000539,P00169,5,13860.12,23.0,PURCHASE,5,53361.46200000001
OI000070,O000468,P00178,3,24720.55,34.0,PURCHASE,3,48946.68899999999
OI000071,O000633,P00376,4,27333.91,7.3,PURCHASE,4,101354.13828
OI000072,O000045,P00123,2,18879.69,11.7,PURCHASE,2,33341.53254
OI000073,O000740,P00462,2,12397.22,30.5,PURCHASE,2,17232.1358
OI000074,O000774,P00054,5,9847.79,18.0,PURCHASE,5,40375.939000000006
OI000075,O000474,P00014,1,20301.1,18.5,PURCHASE,1,16545.3965
OI000076,O000200,P00204,-1,3529.01,36.7,RETURN,1,-2233.86333
OI000077,O000497,P00237,1,19744.98,28.5,PURCHASE,1,14117.6607
OI000078,O000286,P00431,2,640.18,4.0,PURCHASE,2,1229.1455999999998
OI000079,O000401,P00087,1,435.2,10.9,PURCHASE,1,387.7632
OI000080,O000732,P00018,5,20932.6,33.5,PURCHASE,5,69600.895
OI000081,O000734,P00338,1,9318.9,100.0,PURCHASE,1,0.0
OI000082,O000256,P00192,2,579.55,1.1,PURCHASE,2,1146.3499
OI000083,O000697,P00343,1,26480.35,31.9,PURCHASE,1,18033.11835
OI000084,O000172,P00023,4,24487.17,12.9,PURCHASE,4,85313.30028
OI000085,O000555,P00203,4,6492.02,14.3,PURCHASE,4,22254.64456
OI000086,O000324,P00007,4,6680.88,26.3,PURCHASE,4,19695.23424
OI000087,O000045,P00035,2,23049.6,20.0,PURCHASE,2,36879.36
OI000088,O000583,P00088,3,18036.03,39.3,PURCHASE,3,32843.610629999996
OI000089,O000790,P00356,2,19097.07,35.4,PURCHASE,2,24673.41444
OI000090,O000494,P00035,-3,27371.89,18.0,RETURN,3,-67334.8494
OI000091,O000516,P00301,1,18528.83,35.9,PURCHASE,1,11876.98003
OI000092,O000776,P00125,5,4212.91,19.9,PURCHASE,5,16872.70455
OI000093,O000658,P00020,2,17982.45,37.8,PURCHASE,2,22370.167800000007
OI000094,O000285,P00163,1,29329.27,25.9,PURCHASE,1,21732.98907
OI000095,O000751,P00170,3,16225.42,36.3,PURCHASE,3,31006.77762
OI000096,O000704,P00357,2,11506.43,12.9,PURCHASE,2,20044.20106
OI000098,O000563,P00426,2,2437.12,29.0,PURCHASE,2,3460.7103999999995
OI000099,O000251,P00218,2,9162.71,23.1,PURCHASE,2,14092.247979999998
OI000100,O000493,P00041,3,5116.2,17.7,PURCHASE,3,12631.897799999999
OI000101,O000779,P00080,-4,11504.44,34.2,RETURN,4,-30279.686079999996
OI000102,O000610,P00276,2,5353.41,15.2,PURCHASE,2,9079.38336
OI000103,O000576,P00311,4,4186.02,18.8,PURCHASE,4,13596.192960000002
OI000104,O000014,P00442,5,11290.31,16.2,PURCHASE,5,47306.39889999999
OI000105,O000761,P00192,4,19267.36,23.5,PURCHASE,4,58958.121600000006
OI000106,O000128,P00198,5,22912.23,38.3,PURCHASE,5,70684.22954999999
OI000107,O000357,P00261,4,11108.6,2.3,PURCHASE,4,43412.4088
OI000108,O000253,P00125,4,24412.48,25.2,PURCHASE,4,73042.14016
OI000109,O000661,P00076,3,28333.53,5.9,PURCHASE,3,79985.55519
OI000110,O000679,P00431,-2,23152.07,25.8,RETURN,2,-34357.67188
OI000111,O000601,P00499,1,5745.82,16.9,PURCHASE,1,4774.776419999999
OI000112,O000310,P00257,5,11545.38,12.3,PURCHASE,5,50626.491299999994
OI000113,O000746,P00446,1,17221.09,31.9,PURCHASE,1,11727.562290000002
OI000114,O000215,P00477,4,291.97,6.7,PURCHASE,4,1089.6320400000002
OI000115,O000793,P00357,4,19670.18,29.3,PURCHASE,4,55627.26904000001
OI000116,O000721,P00069,2,15128.15,4.4,PURCHASE,2,28925.0228
OI000117,O000206,P00031,2,5837.36,39.3,PURCHASE,2,7086.555039999999
OI000118,O000640,P00056,2,2662.64,5.0,PURCHASE,2,5059.016
OI000119,O000241,P00245,4,3114.19,2.4,PURCHASE,4,12157.79776
OI000121,O000498,P00243,3,10162.85,27.3,PURCHASE,3,22165.175850000003
OI000122,O000246,P00482,3,11415.23,2.3,PURCHASE,3,33458.039130000005
OI000123,O000103,P00002,4,12114.07,33.4,PURCHASE,4,32271.88248
OI000124,O000126,P00445,5,21008.01,32.6,PURCHASE,5,70796.99369999999
OI000125,O000675,P00446,4,19840.83,0.1,PURCHASE,4,79283.95668
OI000126,O000330,P00009,3,29090.97,29.4,PURCHASE,3,61614.67446
OI000127,O000497,P00205,5,10515.19,37.6,PURCHASE,5,32807.3928
OI000128,O000675,P00439,1,8886.5,7.8,PURCHASE,1,8193.353000000001
OI000129,O000586,P00402,5,14987.96,3.5,PURCHASE,5,72316.90699999999
OI000130,O000479,P00087,4,14516.84,21.6,PURCHASE,4,45524.81024
OI000131,O000676,P00359,1,29801.51,1.2,PURCHASE,1,29443.89188
OI000132,O000393,P00393,3,7803.09,19.1,PURCHASE,3,18938.09943
OI000133,O000140,P00473,5,14809.57,31.8,PURCHASE,5,50500.6337
OI000134,O000590,P00393,5,10362.45,36.4,PURCHASE,5,32952.591
OI000135,O000670,P00329,5,13165.17,9.3,PURCHASE,5,59704.04595000001
OI000136,O000115,P00046,3,28122.6,29.8,PURCHASE,3,59226.19559999999
OI000137,O000321,P00489,4,150.19,2.5,PURCHASE,4,585.741
OI000138,O000434,P00164,3,28024.36,5.1,PURCHASE,3,79785.35292
OI000139,O000110,P00203,1,13872.02,5.8,PURCHASE,1,13067.44284
OI000140,O000512,P00349,4,8573.45,29.9,PURCHASE,4,24039.953800000003
OI000141,O000036,P00307,3,29711.02,4.9,PURCHASE,3,84765.54006
OI000142,O000490,P00324,2,21153.8,15.1,PURCHASE,2,35919.1524
OI000143,O000734,P00108,2,1671.73,34.6,PURCHASE,2,2186.6228399999995
OI000144,O000402,P00154,2,16483.49,13.5,PURCHASE,2,28516.437700000002
OI000145,O000776,P00201,4,21829.96,11.3,PURCHASE,4,77452.69808
OI000146,O000562,P00202,1,22592.77,23.2,PURCHASE,1,17351.24736
OI000147,O000727,P00156,4,17357.01,17.7,PURCHASE,4,57139.27691999999
OI000148,O000215,P00112,2,373.06,29.0,PURCHASE,2,529.7452
OI000149,O000152,P00193,4,5129.87,2.3,PURCHASE,4,20047.53196
OI000150,O000054,P00061,5,17842.43,38.8,PURCHASE,5,54597.83580000001
OI000151,O000035,P00061,2,9150.42,23.8,PURCHASE,2,13945.24008
OI000152,O000795,P00355,1,25960.38,26.0,PURCHASE,1,19210.6812
OI000153,O000377,P00006,1,3749.34,25.7,PURCHASE,1,2785.7596200000003
OI000154,O000601,P00294,5,20842.4,3.8,PURCHASE,5,100251.944
OI000155,O000661,P00360,4,3844.57,13.0,PURCHASE,4,13379.1036
OI000156,O000551,P00095,4,690.42,22.2,PURCHASE,4,2148.58704
OI000157,O000501,P00033,5,16215.56,32.8,PURCHASE,5,54484.2816
OI000158,O000213,P00495,1,18013.17,7.2,PURCHASE,1,16716.221759999997
OI000159,O000126,P00021,2,19613.95,3.5,PURCHASE,2,37854.9235
OI000160,O000087,P00064,5,28991.66,6.9,PURCHASE,5,134956.1773
OI000161,O000255,P00154,1,15631.35,31.3,PURCHASE,1,10738.73745
OI000162,O000591,P00252,3,29581.98,14.1,PURCHASE,3,76232.76246
OI000163,O000102,P00340,1,5723.4,12.0,PURCHASE,1,5036.592
OI000164,O000617,P00283,2,8394.13,29.2,PURCHASE,2,11886.088079999998
OI000165,O000267,P00196,2,2589.3,10.2,PURCHASE,2,4650.3828
OI000166,O000549,P00105,1,8155.05,25.3,PURCHASE,1,6091.82235
OI000167,O000578,P00337,5,12648.63,6.1,PURCHASE,5,59385.31785
OI000168,O000027,P00494,5,8176.74,21.3,PURCHASE,5,32175.4719
OI000169,O000338,P00328,1,10072.17,10.9,PURCHASE,1,8974.30347
OI000170,O000011,P00051,4,6744.54,38.1,PURCHASE,4,16699.48104
OI000171,O000540,P00373,3,24223.27,3.8,PURCHASE,3,69908.35721999999
OI000172,O000289,P00283,3,26907.45,6.8,PURCHASE,3,75233.2302
OI000173,O000354,P00413,5,26472.43,16.1,PURCHASE,5,111051.84384999999
OI000174,O000704,P00263,2,4365.84,22.7,PURCHASE,2,6749.588640000001
OI000175,O000655,P00499,3,7548.44,24.3,PURCHASE,3,17142.50724
OI000176,O000363,P00409,4,8347.11,17.1,PURCHASE,4,27679.016760000002
OI000177,O000235,P00157,1,12254.79,12.5,PURCHASE,1,10722.94125
OI000178,O000748,P00123,1,1816.6,29.7,PURCHASE,1,1277.0698
OI000179,O000011,P00493,4,27980.0,5.5,PURCHASE,4,105764.4
OI000180,O000694,P00455,5,12223.6,24.7,PURCHASE,5,46021.854
OI000181,O000732,P00218,5,7402.36,29.6,PURCHASE,5,26056.307199999996
OI000182,O000541,P00351,5,13514.7,6.7,PURCHASE,5,63046.075500000006
OI000183,O000231,P00090,1,4086.23,14.1,PURCHASE,1,3510.07157
OI000184,O000175,P00192,1,20403.99,33.3,PURCHASE,1,13609.461330000002
OI000185,O000298,P00154,4,6470.67,29.5,PURCHASE,4,18247.2894
OI000186,O000313,P00476,5,1159.33,18.5,PURCHASE,5,4724.2697499999995
OI000187,O000365,P00004,5,9020.68,4.3,PURCHASE,5,43163.9538
OI000188,O000412,P00182,1,14812.18,3.4,PURCHASE,1,14308.56588
OI000189,O000127,P00468,-4,23106.48,10.0,RETURN,4,-83183.328
OI000190,O000374,P00220,2,8157.5,39.6,PURCHASE,2,9854.26
OI000191,O000144,P00182,-4,26518.93,28.4,RETURN,4,-75950.21552
OI000192,O000137,P00203,4,27039.83,6.4,PURCHASE,4,101237.12352
OI000193,O000682,P00137,1,16548.7,32.0,PURCHASE,1,11253.116
OI000194,O000783,P00400,4,27714.48,33.7,PURCHASE,4,73498.80096000001
OI000195,O000111,P00406,1,10389.2,0.5,PURCHASE,1,10337.254
OI000196,O000351,P00220,5,13086.42,11.6,PURCHASE,5,57841.9764
OI000197,O000254,P00317,2,5687.12,11.2,PURCHASE,2,10100.32512
OI000198,O000718,P00127,4,21223.18,32.4,PURCHASE,4,57387.47871999999
OI000199,O000186,P00097,5,4546.91,4.8,PURCHASE,5,21643.291599999997
OI000200,O000197,P00476,2,18532.37,3.6,PURCHASE,2,35730.40936
OI000201,O000314,P00359,2,12839.67,2.5,PURCHASE,2,25037.356499999998
OI000202,O000113,P00138,3,10595.63,16.7,PURCHASE,3,26478.479369999997
OI000203,O000042,P00001,1,9717.02,11.4,PURCHASE,1,8609.27972
OI000204,O000442,P00095,3,10971.08,12.2,PURCHASE,3,28897.824719999997
OI000205,O000566,P00395,2,22264.63,14.5,PURCHASE,2,38072.5173
OI000206,O000381,P00122,3,11583.08,35.5,PURCHASE,3,22413.2598
OI000207,O000124,P00022,5,26532.84,32.7,PURCHASE,5,89283.00660000001
OI000208,O000102,P00039,5,9114.14,19.0,PURCHASE,5,36912.267
OI000209,O000158,P00023,2,16559.82,10.1,PURCHASE,2,29774.55636
OI000210,O000574,P00500,3,13509.62,28.7,PURCHASE,3,28897.077180000004
OI000211,O000430,P00269,5,5091.36,11.0,PURCHASE,5,22656.552
OI000212,O000580,P00032,2,11985.07,27.4,PURCHASE,2,17402.32164
OI000213,O000170,P00225,5,23403.23,16.0,PURCHASE,5,98293.56599999999
OI000214,O000164,P00293,2,364.95,37.1,PURCHASE,2,459.1071
OI000215,O000738,P00269,3,6688.06,28.3,PURCHASE,3,14386.01706
OI000216,O000047,P00274,2,19224.5,37.7,PURCHASE,2,23953.727
OI000217,O000053,P00329,2,6378.17,4.6,PURCHASE,2,12169.548359999999
OI000218,O000378,P00167,1,26531.19,10.6,PURCHASE,1,23718.883859999998
OI000219,O000302,P00167,1,411.2,14.2,PURCHASE,1,352.8096
OI000220,O000263,P00498,1,29365.0,31.1,PURCHASE,1,20232.485
OI000221,O000764,P00353,4,7794.62,25.0,PURCHASE,4,23383.86
OI000222,O000453,P00113,3,17491.75,32.3,PURCHASE,3,35525.74425
OI000223,O000238,P00374,4,27074.83,3.7,PURCHASE,4,104292.24516
OI000224,O000181,P00097,5,21911.45,25.9,PURCHASE,5,81181.92225
OI000225,O000182,P00419,4,5716.66,5.7,PURCHASE,4,21563.24152
OI000226,O000661,P00497,4,15850.68,29.1,PURCHASE,4,44952.52848
OI000227,O000387,P00197,1,505.21,33.2,PURCHASE,1,337.48027999999994
OI000228,O000789,P00043,3,18858.79,0.5,PURCHASE,3,56293.488150000005
OI000229,O000109,P00278,3,2640.46,5.6,PURCHASE,3,7477.78272
OI000230,O000168,P00158,3,7389.88,21.7,PURCHASE,3,17358.828120000002
OI000231,O000022,P00423,1,8972.48,20.5,PURCHASE,1,7133.1216
OI000232,O000230,P00013,2,4506.56,26.2,PURCHASE,2,6651.68256
OI000233,O000394,P00352,1,29723.96,9.0,PURCHASE,1,27048.8036
OI000234,O000079,P00316,3,27707.26,36.8,PURCHASE,3,52532.96496
OI000235,O000183,P00220,5,5522.83,17.0,PURCHASE,5,22919.7445
OI000236,O000640,P00419,3,3207.28,36.6,PURCHASE,3,6100.2465600000005
OI000237,O000729,P00409,1,25865.25,39.1,PURCHASE,1,15751.937249999999
OI000238,O000152,P00200,4,23587.83,19.1,PURCHASE,4,76330.21788
OI000239,O000745,P00143,2,29843.67,7.3,PURCHASE,2,55330.16418
OI000240,O000435,P00247,4,19134.47,5.5,PURCHASE,4,72328.2966
OI000241,O000393,P00215,5,16059.74,21.3,PURCHASE,5,63195.0769
OI000242,O000595,P00367,4,23320.12,32.5,PURCHASE,4,62964.324
OI000243,O000371,P00002,2,612.92,22.3,PURCHASE,2,952.47768
OI000244,O000062,P00467,3,25494.94,31.1,PURCHASE,3,52698.04098
OI000245,O000565,P00498,4,24851.87,2.2,PURCHASE,4,97220.51543999999
OI000246,O000721,P00074,4,20914.06,17.0,PURCHASE,4,69434.6792
OI000247,O000596,P00038,4,26127.26,1.2,PURCHASE,4,103254.93152
OI000248,O000079,P00007,5,12553.2,30.6,PURCHASE,5,43559.604
OI000249,O000541,P00358,3,21704.47,17.8,PURCHASE,3,53523.22302
OI000250,O000114,P00080,1,1060.36,30.0,PURCHASE,1,742.2519999999998
OI000251,O000434,P00349,4,24902.6,36.8,PURCHASE,4,62953.7728
OI000252,O000434,P00477,2,2848.9,15.1,PURCHASE,2,4837.4322
OI000253,O000411,P00317,1,5592.44,29.8,PURCHASE,1,3925.8928799999994
OI000254,O000710,P00240,4,19292.54,33.1,PURCHASE,4,51626.837040000006
OI000255,O000663,P00218,2,3221.56,14.5,PURCHASE,2,5508.8676
OI000256,O000246,P00145,2,2053.04,23.9,PURCHASE,2,3124.72688
OI000257,O000565,P00104,1,2642.68,22.8,PURCHASE,1,2040.14896
OI000258,O000496,P00024,1,28310.92,0.3,PURCHASE,1,28225.98724
OI000259,O000408,P00257,2,11780.18,14.2,PURCHASE,2,20214.78888
OI000260,O000340,P00209,5,24244.08,6.0,PURCHASE,5,113947.176
OI000261,O000601,P00445,1,4630.98,18.5,PURCHASE,1,3774.248699999999
OI000262,O000736,P00119,2,19661.18,30.8,PURCHASE,2,27211.073119999997
OI000263,O000529,P00374,5,27913.79,13.7,PURCHASE,5,120448.00385000001
OI000264,O000369,P00320,4,21411.6,27.3,PURCHASE,4,62264.932799999995
OI000265,O000622,P00039,2,29832.7,3.9,PURCHASE,2,57338.4494
OI000266,O000317,P00281,1,13698.75,6.8,PURCHASE,1,12767.234999999999
OI000267,O000591,P00187,3,5457.67,30.9,PURCHASE,3,11313.74991
OI000268,O000263,P00391,4,4299.37,5.0,PURCHASE,4,16337.605999999998
OI000269,O000294,P00206,4,27522.49,5.2,PURCHASE,4,104365.28208
OI000270,O000322,P00192,1,15227.68,10.5,PURCHASE,1,13628.7736
OI000271,O000636,P00330,1,7420.02,32.8,PURCHASE,1,4986.25344
OI000272,O000298,P00193,2,25629.49,8.9,PURCHASE,2,46696.93078
OI000273,O000358,P00239,4,27013.78,18.6,PURCHASE,4,87956.86768
OI000274,O000407,P00394,4,9928.75,12.7,PURCHASE,4,34671.195
OI000275,O000720,P00380,4,13691.9,21.8,PURCHASE,4,42828.2632
OI000276,O000219,P00164,5,18072.21,15.2,PURCHASE,5,76626.17039999999
OI000277,O000441,P00243,2,26053.82,38.1,PURCHASE,2,32254.62916
OI000278,O000651,P00091,1,8289.77,3.3,PURCHASE,1,8016.20759
OI000279,O000430,P00269,2,7857.47,33.2,PURCHASE,2,10497.579919999998
OI000280,O000351,P00494,3,10543.36,16.8,PURCHASE,3,26316.22656
OI000281,O000165,P00495,4,20817.75,15.6,PURCHASE,4,70280.724
OI000282,O000612,P00102,1,17396.83,5.8,PURCHASE,1,16387.813860000002
OI000283,O000752,P00381,-3,26905.38,37.4,RETURN,3,-50528.30364
OI000284,O000691,P00209,3,209.94,18.0,PURCHASE,3,516.4524
OI000285,O000461,P00328,5,6636.82,39.2,PURCHASE,5,20175.9328
OI000286,O000171,P00308,4,6371.92,7.6,PURCHASE,4,23550.61632
OI000287,O000380,P00417,-3,26909.98,20.1,RETURN,3,-64503.22205999999
OI000288,O000665,P00234,4,10631.12,21.7,PURCHASE,4,33296.66784
OI000289,O000117,P00475,2,11256.33,22.1,PURCHASE,2,17537.36214
OI000290,O000292,P00433,4,21092.57,37.5,PURCHASE,4,52731.425
OI000291,O000090,P00413,1,591.15,37.3,PURCHASE,1,370.65105
OI000292,O000639,P00475,5,13378.69,23.2,PURCHASE,5,51374.1696
OI000293,O000431,P00109,2,16592.48,4.6,PURCHASE,2,31658.451839999998
OI000294,O000360,P00496,4,24630.5,28.2,PURCHASE,4,70738.796
OI000296,O000425,P00345,-2,27280.87,1.3,RETURN,2,-53852.437379999996
OI000297,O000532,P00420,5,5195.28,22.9,PURCHASE,5,20027.804399999997
OI000298,O000401,P00099,5,24873.64,32.1,PURCHASE,5,84446.0078
OI000299,O000652,P00200,2,9611.94,6.3,PURCHASE,2,18012.775560000002
OI000300,O000130,P00259,1,23550.01,33.7,PURCHASE,1,15613.65663
OI000301,O000567,P00082,3,2888.64,17.5,PURCHASE,3,7149.384
OI000302,O000029,P00317,5,2455.3,15.3,PURCHASE,5,10398.1955
OI000303,O000465,P00325,3,19610.43,8.9,PURCHASE,3,53595.30519
OI000304,O000744,P00400,4,19811.81,11.0,PURCHASE,4,70530.0436
OI000305,O000654,P00297,1,27823.25,4.9,PURCHASE,1,26459.91075
OI000306,O000185,P00048,1,10905.78,33.5,PURCHASE,1,7252.343700000001
OI000307,O000023,P00212,1,18807.91,8.4,PURCHASE,1,17228.045560000002
OI000308,O000649,P00466,4,5476.21,0.4,PURCHASE,4,21817.22064
OI000309,O000622,P00438,1,10350.03,13.9,PURCHASE,1,8911.37583
OI000310,O000006,P00082,5,27804.84,7.7,PURCHASE,5,128319.33660000001
OI000311,O000525,P00390,2,11010.23,35.9,PURCHASE,2,14115.11486
OI000312,O000086,P00373,2,14499.09,38.1,PURCHASE,2,17949.87342
OI000313,O000302,P00240,4,28395.74,36.9,PURCHASE,4,71670.84776
OI000314,O000735,P00144,4,23815.28,23.5,PURCHASE,4,72874.7568
OI000315,O000740,P00250,4,12769.75,29.9,PURCHASE,4,35806.379
OI000316,O000622,P00197,4,10652.17,35.9,PURCHASE,4,27312.16388
OI000317,O000035,P00491,5,12353.27,24.2,PURCHASE,5,46818.8933
OI000318,O000544,P00181,-4,5479.14,12.9,RETURN,4,-19089.32376
OI000319,O000075,P00111,3,23407.49,4.9,PURCHASE,3,66781.56897
OI000320,O000337,P00110,4,9714.68,9.3,PURCHASE,4,35244.85904
OI000321,O000218,P00270,2,8413.65,24.3,PURCHASE,2,12738.266099999999
OI000322,O000077,P00294,4,13112.65,32.5,PURCHASE,4,35404.155
OI000323,O000506,P00256,1,12694.99,5.0,PURCHASE,1,12060.2405
OI000324,O000393,P00122,-5,633.31,31.3,RETURN,5,-2175.4198499999998
OI000326,O000661,P00009,1,24912.52,16.6,PURCHASE,1,20777.04168
OI000327,O000355,P00205,1,9463.92,24.5,PURCHASE,1,7145.2596
OI000328,O000466,P00253,1,28137.34,4.1,PURCHASE,1,26983.709059999997
OI000329,O000143,P00054,3,21755.18,9.1,PURCHASE,3,59326.37586
OI000330,O000378,P00418,5,28029.9,34.7,PURCHASE,5,91517.6235
OI000331,O000114,P00025,3,9946.94,24.5,PURCHASE,3,22529.8191
OI000332,O000175,P00474,2,3685.05,12.8,PURCHASE,2,6426.7272
OI000333,O000424,P00327,4,15700.73,9.6,PURCHASE,4,56773.83968
OI000334,O000288,P00165,4,7987.98,11.8,PURCHASE,4,28181.593439999997
OI000335,O000249,P00338,2,2346.82,19.8,PURCHASE,2,3764.2992800000006
OI000336,O000480,P00420,4,3225.59,8.3,PURCHASE,4,11831.46412
OI000337,O000321,P00390,3,19693.15,33.9,PURCHASE,3,39051.51645
OI000338,O000373,P00198,4,15452.57,31.2,PURCHASE,4,42525.47263999999
OI000339,O000169,P00352,3,17359.54,4.1,PURCHASE,3,49943.39658
OI000340,O000113,P00124,1,5692.19,1.1,PURCHASE,1,5629.57591
OI000341,O000272,P00061,5,13001.06,6.0,PURCHASE,5,61104.98199999999
OI000342,O000055,P00226,3,1569.12,15.3,PURCHASE,3,3987.1339199999998
OI000343,O000194,P00207,2,15933.93,19.7,PURCHASE,2,25589.891580000003
OI000344,O000662,P00128,1,1688.82,1.4,PURCHASE,1,1665.17652
OI000345,O000104,P00142,2,21015.42,16.2,PURCHASE,2,35221.84391999999
OI000346,O000709,P00138,4,23593.26,13.9,PURCHASE,4,81255.18744
OI000347,O000752,P00002,1,27242.69,24.9,PURCHASE,1,20459.260189999997
OI000348,O000705,P00123,2,2176.69,7.5,PURCHASE,2,4026.8765000000003
OI000349,O000014,P00342,4,722.72,39.0,PURCHASE,4,1763.4368
OI000350,O000779,P00437,1,29089.29,23.3,PURCHASE,1,22311.48543
OI000351,O000113,P00024,1,29713.35,33.4,PURCHASE,1,19789.0911
OI000352,O000151,P00397,1,24136.39,13.4,PURCHASE,1,20902.11374
OI000353,O000559,P00132,4,13816.65,33.1,PURCHASE,4,36973.3554
OI000354,O000531,P00397,5,8171.13,20.8,PURCHASE,5,32357.674800000004
OI000355,O000421,P00439,2,4334.83,19.9,PURCHASE,2,6944.3976600000005
OI000356,O000442,P00185,2,5895.88,38.2,PURCHASE,2,7287.30768
OI000357,O000642,P00348,5,13533.15,38.3,PURCHASE,5,41749.76775
OI000358,O000696,P00179,3,12577.1,39.8,PURCHASE,3,22714.242600000005
OI000359,O000533,P00360,3,3776.54,31.8,PURCHASE,3,7726.800839999999
OI000360,O000356,P00148,1,15017.92,27.4,PURCHASE,1,10903.00992
OI000361,O000297,P00320,5,9179.0,11.5,PURCHASE,5,40617.075
OI000362,O000042,P00112,3,3790.73,19.5,PURCHASE,3,9154.612949999999
OI000363,O000001,P00026,3,26373.79,31.4,PURCHASE,3,54277.25981999999
OI000364,O000575,P00080,1,4365.06,29.3,PURCHASE,1,3086.0974200000005
OI000365,O000298,P00113,1,10703.5,32.5,PURCHASE,1,7224.8625
OI000366,O000101,P00458,3,17951.46,6.9,PURCHASE,3,50138.42778
OI000367,O000593,P00072,2,12547.74,8.0,PURCHASE,2,23087.8416
OI000368,O000644,P00237,5,23493.93,33.4,PURCHASE,5,78234.7869
OI000369,O000711,P00161,5,21406.7,18.7,PURCHASE,5,87018.2355
OI000370,O000421,P00237,1,890.02,30.7,PURCHASE,1,616.78386
OI000371,O000310,P00403,2,11256.02,24.8,PURCHASE,2,16929.05408
OI000372,O000055,P00387,4,20135.37,18.5,PURCHASE,4,65641.30619999999
OI000373,O000056,P00044,1,29586.59,4.3,PURCHASE,1,28314.36663
OI000374,O000580,P00247,3,3731.14,23.4,PURCHASE,3,8574.15972
OI000375,O000719,P00105,5,22238.68,19.8,PURCHASE,5,89177.1068
OI000376,O000159,P00155,3,28102.28,32.2,PURCHASE,3,57160.03751999999
OI000377,O000069,P00001,2,3718.93,3.9,PURCHASE,2,7147.78346
OI000378,O000518,P00228,4,3742.16,16.2,PURCHASE,4,12543.720319999999
OI000379,O000560,P00134,5,25793.49,24.7,PURCHASE,5,97112.48985000001
OI000380,O000190,P00073,2,22275.78,21.9,PURCHASE,2,34794.76836
OI000381,O000684,P00052,5,20064.22,15.6,PURCHASE,5,84671.0084
OI000382,O000427,P00417,4,8574.32,4.8,PURCHASE,4,32651.01056
OI000383,O000035,P00331,5,27252.44,14.2,PURCHASE,5,116912.96759999999
OI000384,O000470,P00142,1,10796.66,34.2,PURCHASE,1,7104.202279999999
OI000385,O000724,P00269,4,5317.46,6.1,PURCHASE,4,19972.37976
OI000386,O000471,P00367,2,22901.97,12.1,PURCHASE,2,40261.66326
OI000387,O000661,P00248,4,18214.67,7.2,PURCHASE,4,67612.85504
OI000388,O000675,P00270,3,9789.89,38.2,PURCHASE,3,18150.45606
OI000389,O000414,P00035,-1,22013.04,9.3,RETURN,1,-19965.82728
OI000390,O000696,P00244,3,29441.72,32.3,PURCHASE,3,59796.13332000001
OI000391,O000179,P00373,4,12659.68,2.6,PURCHASE,4,49322.11328
OI000392,O000768,P00038,4,18235.35,33.6,PURCHASE,4,48433.08959999999
OI000393,O000716,P00231,4,19158.13,22.3,PURCHASE,4,59543.46804000001
OI000394,O000696,P00147,2,4946.48,32.6,PURCHASE,2,6667.855039999999
OI000395,O000597,P00013,1,24319.26,35.7,PURCHASE,1,15637.284179999999
OI000396,O000560,P00443,1,20502.6,38.3,PURCHASE,1,12650.1042
OI000397,O000195,P00427,2,14264.61,14.1,PURCHASE,2,24506.59998
OI000398,O000142,P00411,1,18801.57,35.0,PURCHASE,1,12221.0205
OI000399,O000530,P00153,1,6994.15,24.1,PURCHASE,1,5308.55985
OI000400,O000297,P00473,3,10801.37,34.9,PURCHASE,3,21095.07561
OI000401,O000548,P00295,2,27961.09,20.0,PURCHASE,2,44737.744000000006
OI000402,O000715,P00457,1,28114.11,39.4,PURCHASE,1,17037.150660000003
OI000403,O000432,P00134,2,22965.6,5.6,PURCHASE,2,43359.0528
OI000404,O000776,P00340,1,2280.07,37.9,PURCHASE,1,1415.9234700000002
OI000405,O000784,P00414,1,2215.82,16.6,PURCHASE,1,1847.99388
OI000406,O000565,P00246,2,1348.06,1.4,PURCHASE,2,2658.37432
OI000407,O000442,P00245,3,26305.85,9.1,PURCHASE,3,71736.05295
OI000408,O000201,P00274,5,20490.04,29.5,PURCHASE,5,72227.39100000002
OI000409,O000785,P00194,2,12862.32,5.5,PURCHASE,2,24309.784799999998
OI000410,O000377,P00181,2,27550.25,9.5,PURCHASE,2,49865.9525
OI000411,O000423,P00383,5,29729.07,0.6,PURCHASE,5,147753.4779
OI000412,O000079,P00030,2,8549.62,12.6,PURCHASE,2,14944.735760000001
OI000413,O000300,P00067,5,19761.73,26.3,PURCHASE,5,72821.97505
OI000414,O000211,P00254,3,25776.93,17.7,PURCHASE,3,63643.240170000005
OI000415,O000565,P00150,2,8099.3,27.9,PURCHASE,2,11679.190600000002
OI000416,O000421,P00362,5,2445.54,36.5,PURCHASE,5,7764.589500000001
OI000417,O000313,P00380,5,11234.46,32.7,PURCHASE,5,37803.9579
OI000418,O000716,P00226,4,736.56,33.5,PURCHASE,4,1959.2495999999999
OI000419,O000308,P00424,1,25651.77,15.4,PURCHASE,1,21701.39742
OI000420,O000455,P00023,2,5614.36,17.2,PURCHASE,2,9297.38016
OI000421,O000555,P00391,3,27310.61,30.2,PURCHASE,3,57188.41734
OI000422,O000269,P00415,5,917.62,29.0,PURCHASE,5,3257.551
OI000423,O000747,P00476,1,16643.5,38.1,PURCHASE,1,10302.3265
OI000424,O000548,P00238,4,17092.26,20.8,PURCHASE,4,54148.27968
OI000425,O000764,P00474,2,553.98,32.0,PURCHASE,2,753.4128
OI000426,O000256,P00395,5,17175.37,1.5,PURCHASE,5,84588.69725
OI000427,O000257,P00401,-5,9276.17,26.4,RETURN,5,-34136.3056
OI000428,O000455,P00237,1,14046.54,38.6,PURCHASE,1,8624.575560000001
OI000429,O000224,P00210,1,2478.45,35.9,PURCHASE,1,1588.68645
OI000430,O000452,P00093,3,8356.72,34.8,PURCHASE,3,16345.744319999998
OI000431,O000151,P00447,5,7056.91,26.2,PURCHASE,5,26039.997900000002
OI000432,O000451,P00297,3,21549.0,2.4,PURCHASE,3,63095.472
OI000433,O000264,P00009,3,1437.52,9.4,PURCHASE,3,3907.1793599999996
OI000434,O000116,P00262,1,9841.09,14.9,PURCHASE,1,8374.76759
OI000435,O000658,P00219,3,9863.56,31.5,PURCHASE,3,20269.615800000003
OI000436,O000668,P00192,4,8892.48,1.2,PURCHASE,4,35143.08096
OI000437,O000154,P00467,-5,18310.24,32.3,RETURN,5,-61980.162400000016
OI000438,O000521,P00402,5,28204.2,15.2,PURCHASE,5,119585.80799999999
OI000439,O000154,P00196,1,28762.89,39.7,PURCHASE,1,17344.02267
OI000440,O000646,P00281,4,3725.15,35.1,PURCHASE,4,9670.4894
OI000441,O000676,P00269,5,8148.56,33.4,PURCHASE,5,27134.704800000003
OI000442,O000249,P00410,3,9513.01,38.9,PURCHASE,3,17437.34733
OI000443,O000420,P00186,1,15218.74,36.6,PURCHASE,1,9648.68116
OI000444,O000460,P00403,4,24851.85,39.5,PURCHASE,4,60141.47699999999
OI000445,O000418,P00346,5,18205.82,31.8,PURCHASE,5,62081.8462
OI000446,O000419,P00216,5,17322.75,25.3,PURCHASE,5,64700.47125
OI000447,O000465,P00008,2,7974.95,22.2,PURCHASE,2,12409.0222
OI000448,O000130,P00446,1,815.55,6.7,PURCHASE,1,760.90815
OI000449,O000543,P00471,4,10695.6,16.1,PURCHASE,4,35894.4336
OI000450,O000122,P00173,3,18537.22,39.8,PURCHASE,3,33478.219320000004
OI000451,O000364,P00487,4,18961.88,29.6,PURCHASE,4,53396.65408
OI000452,O000717,P00069,2,17727.79,32.8,PURCHASE,2,23826.149760000004
OI000453,O000008,P00304,5,19517.2,15.2,PURCHASE,5,82752.928
OI000454,O000603,P00144,1,14849.47,1.9,PURCHASE,1,14567.33007
OI000455,O000521,P00433,4,11583.63,30.3,PURCHASE,4,32295.16044
OI000456,O000753,P00452,2,8419.86,35.2,PURCHASE,2,10912.13856
OI000457,O000170,P00061,3,13223.61,35.4,PURCHASE,3,25627.356180000002
OI000458,O000621,P00386,1,20026.37,5.6,PURCHASE,1,18904.893279999997
OI000459,O000773,P00087,1,1288.38,35.6,PURCHASE,1,829.7167199999999
OI000460,O000501,P00427,1,8526.94,37.9,PURCHASE,1,5295.229740000001
OI000461,O000130,P00426,4,3377.48,28.3,PURCHASE,4,9686.61264
OI000462,O000443,P00253,3,4190.86,11.1,PURCHASE,3,11177.023619999998
OI000463,O000081,P00382,2,9880.76,20.3,PURCHASE,2,15749.931439999998
OI000464,O000526,P00345,1,9512.82,37.0,PURCHASE,1,5993.076599999999
OI000465,O000534,P00163,2,19867.8,35.1,PURCHASE,2,25788.4044
OI000466,O000009,P00126,2,26176.23,8.8,PURCHASE,2,47745.44352
OI000467,O000497,P00417,2,8549.73,7.9,PURCHASE,2,15748.60266
OI000468,O000741,P00384,-2,2111.11,22.3,RETURN,2,-3280.66494
OI000469,O000429,P00353,3,18967.69,9.4,PURCHASE,3,51554.18141999999
OI000470,O000185,P00450,3,26263.67,26.7,PURCHASE,3,57753.81032999999
OI000471,O000613,P00183,5,2986.34,4.5,PURCHASE,5,14259.7735
OI000472,O000295,P00215,4,19906.3,4.6,PURCHASE,4,75962.4408
OI000473,O000117,P00178,4,23233.09,19.3,PURCHASE,4,74996.41451999999
OI000474,O000422,P00352,-2,8110.92,8.6,RETURN,2,-14826.761760000001
OI000475,O000576,P00396,3,9596.79,15.7,PURCHASE,3,24270.28191
OI000476,O000056,P00138,4,10261.26,32.7,PURCHASE,4,27623.311920000004
OI000477,O000587,P00449,2,23408.6,4.4,PURCHASE,2,44757.2432
OI000478,O000133,P00310,-5,21694.64,32.1,RETURN,5,-73653.3028
OI000479,O000362,P00393,5,1571.53,8.4,PURCHASE,5,7197.6074
OI000480,O000549,P00203,2,4925.98,15.0,PURCHASE,2,8374.166
OI000481,O000255,P00482,1,698.85,37.6,PURCHASE,1,436.0824
OI000482,O000497,P00022,2,824.91,25.3,PURCHASE,2,1232.41554
OI000483,O000768,P00064,4,4022.68,29.6,PURCHASE,4,11327.86688
OI000484,O000076,P00259,-4,22305.29,21.7,RETURN,4,-69860.16828000001
OI000485,O000603,P00406,4,18210.18,12.5,PURCHASE,4,63735.630000000005
OI000486,O000024,P00155,3,3080.41,38.8,PURCHASE,3,5655.63276
OI000487,O000440,P00048,2,16873.79,19.3,PURCHASE,2,27234.29706
OI000488,O000251,P00196,1,21853.97,38.1,PURCHASE,1,13527.60743
OI000489,O000464,P00115,5,11980.72,9.3,PURCHASE,5,54332.5652
OI000490,O000659,P00160,3,18934.42,3.3,PURCHASE,3,54928.75241999999
OI000491,O000502,P00304,2,12155.53,33.5,PURCHASE,2,16166.854900000002
OI000492,O000779,P00120,1,7635.51,12.5,PURCHASE,1,6681.07125
OI000493,O000330,P00353,5,26155.69,10.7,PURCHASE,5,116785.15585
OI000494,O000501,P00280,4,19595.06,12.9,PURCHASE,4,68269.18904
OI000495,O000758,P00376,1,12828.49,3.1,PURCHASE,1,12430.80681
OI000496,O000533,P00384,1,13184.28,38.9,PURCHASE,1,8055.59508
OI000497,O000175,P00321,5,22494.9,21.9,PURCHASE,5,87842.5845
OI000498,O000446,P00151,3,18491.5,14.9,PURCHASE,3,47208.7995
OI000499,O000536,P00351,2,28564.66,14.9,PURCHASE,2,48617.05132
OI000500,O000216,P00480,3,21631.89,34.1,PURCHASE,3,42766.246530000004
OI000501,O000486,P00006,3,4595.44,2.7,PURCHASE,3,13414.08936
OI000502,O000193,P00103,1,9997.95,2.4,PURCHASE,1,9757.9992
OI000503,O000359,P00326,5,10414.23,0.6,PURCHASE,5,51758.723099999996
OI000504,O000437,P00300,3,23032.97,37.4,PURCHASE,3,43255.91766
OI000505,O000208,P00040,5,21946.68,11.2,PURCHASE,5,97443.2592
OI000506,O000535,P00301,4,23182.16,23.7,PURCHASE,4,70751.95232
OI000507,O000631,P00343,4,179.86,9.3,PURCHASE,4,652.5320800000001
OI000508,O000630,P00076,2,26250.96,12.9,PURCHASE,2,45729.17232
OI000509,O000524,P00414,4,14203.5,12.1,PURCHASE,4,49939.506
OI000510,O000403,P00194,4,10714.25,33.5,PURCHASE,4,28499.905000000002
OI000511,O000620,P00432,2,28370.15,33.3,PURCHASE,2,37845.7801
OI000512,O000574,P00227,4,7591.12,4.8,PURCHASE,4,28906.984959999998
OI000513,O000183,P00013,3,23145.27,13.8,PURCHASE,3,59853.66822
OI000514,O000196,P00196,3,22454.09,0.4,PURCHASE,3,67092.82092
OI000515,O000006,P00301,3,27340.12,36.6,PURCHASE,3,52000.908240000004
OI000516,O000280,P00018,3,12008.99,39.8,PURCHASE,3,21688.235940000002
OI000517,O000059,P00498,5,25909.24,37.1,PURCHASE,5,81484.5598
OI000518,O000503,P00089,4,19461.7,21.8,PURCHASE,4,60876.19760000001
OI000519,O000628,P00458,2,5389.54,34.0,PURCHASE,2,7114.192799999999
OI000520,O000123,P00029,4,1963.53,3.9,PURCHASE,4,7547.809319999999
OI000521,O000199,P00336,5,10046.68,26.9,PURCHASE,5,36720.6154
OI000522,O000174,P00464,5,11051.07,0.6,PURCHASE,5,54923.8179
OI000523,O000684,P00343,1,24768.92,20.1,PURCHASE,1,19790.367079999996
OI000524,O000455,P00023,3,20692.63,16.4,PURCHASE,3,51897.11604
OI000525,O000004,P00160,3,3619.67,18.7,PURCHASE,3,8828.37513
OI000526,O000475,P00046,1,5556.78,3.5,PURCHASE,1,5362.2927
OI000527,O000021,P00393,2,6604.02,15.0,PURCHASE,2,11226.834
OI000528,O000253,P00158,2,22169.5,12.4,PURCHASE,2,38840.964
OI000529,O000286,P00072,5,6856.22,7.5,PURCHASE,5,31710.0175
OI000530,O000303,P00133,4,14747.58,23.1,PURCHASE,4,45363.55608
OI000531,O000461,P00425,2,25058.25,15.4,PURCHASE,2,42398.559
OI000532,O000720,P00223,3,20492.33,11.5,PURCHASE,3,54407.136150000006
OI000533,O000565,P00425,3,23224.93,10.3,PURCHASE,3,62498.28663000001
OI000534,O000119,P00265,2,14070.68,12.9,PURCHASE,2,24511.12456
OI000535,O000035,P00166,1,26092.94,0.3,PURCHASE,1,26014.66118
OI000536,O000664,P00463,1,10804.34,6.5,PURCHASE,1,10102.057900000002
OI000537,O000450,P00415,5,17321.36,17.4,PURCHASE,5,71537.21680000001
OI000538,O000259,P00371,3,14528.47,16.0,PURCHASE,3,36611.744399999996
OI000539,O000240,P00391,5,12834.24,10.8,PURCHASE,5,57240.710399999996
OI000540,O000168,P00263,2,26609.2,38.6,PURCHASE,2,32676.0976
OI000541,O000582,P00385,2,10061.1,38.4,PURCHASE,2,12395.2752
OI000542,O000785,P00073,3,5043.73,0.0,PURCHASE,3,15131.189999999999
OI000543,O000309,P00158,1,25747.09,17.5,PURCHASE,1,21241.34925
OI000544,O000569,P00433,-3,4863.96,4.0,RETURN,3,-14008.204800000001
OI000545,O000218,P00468,4,24957.28,28.2,PURCHASE,4,71677.30816
OI000546,O000132,P00163,2,9880.64,11.3,PURCHASE,2,17528.25536
OI000547,O000612,P00202,5,14700.45,29.6,PURCHASE,5,51745.583999999995
OI000548,O000624,P00092,2,10261.54,32.9,PURCHASE,2,13770.986680000002
OI000549,O000080,P00331,2,5720.32,8.4,PURCHASE,2,10479.62624
OI000550,O000670,P00093,4,9401.65,27.0,PURCHASE,4,27452.818
OI000551,O000432,P00092,2,15568.72,4.3,PURCHASE,2,29798.530079999997
OI000552,O000751,P00052,4,465.51,12.8,PURCHASE,4,1623.69888
OI000553,O000466,P00006,4,20138.83,16.9,PURCHASE,4,66941.47092
OI000554,O000760,P00325,1,24092.31,18.0,PURCHASE,1,19755.6942
OI000555,O000344,P00433,5,3439.0,7.2,PURCHASE,5,15956.96
OI000556,O000691,P00041,-2,28451.22,28.3,RETURN,2,-40799.04948
OI000557,O000630,P00373,4,13996.42,1.6,PURCHASE,4,55089.90912
OI000558,O000052,P00456,5,7644.57,13.5,PURCHASE,5,33062.76525
OI000559,O000556,P00137,2,12570.1,17.9,PURCHASE,2,20640.104199999998
OI000560,O000115,P00183,1,11946.82,7.0,PURCHASE,1,11110.542599999999
OI000561,O000149,P00325,4,8313.42,38.9,PURCHASE,4,20317.99848
OI000562,O000751,P00421,5,1315.17,13.1,PURCHASE,5,5714.41365
OI000563,O000742,P00327,1,29409.97,3.2,PURCHASE,1,28468.85096
OI000564,O000433,P00206,1,22428.33,28.9,PURCHASE,1,15946.542630000004
OI000565,O000444,P00495,1,17169.76,39.8,PURCHASE,1,10336.195520000001
OI000566,O000250,P00356,1,14240.26,30.4,PURCHASE,1,9911.220959999999
OI000567,O000797,P00096,3,1467.69,15.9,PURCHASE,3,3702.9818699999996
OI000568,O000006,P00209,-2,12488.31,5.2,RETURN,2,-23677.835759999998
OI000569,O000651,P00163,1,640.38,13.0,PURCHASE,1,557.1306
OI000570,O000730,P00312,4,19079.7,13.2,PURCHASE,4,66244.7184
OI000571,O000013,P00176,3,24696.6,6.1,PURCHASE,3,69570.3222
OI000572,O000546,P00358,2,7745.21,1.3,PURCHASE,2,15289.04454
OI000573,O000647,P00250,5,2584.45,29.9,PURCHASE,5,9058.49725
OI000574,O000769,P00162,4,983.98,25.0,PURCHASE,4,2951.94
OI000575,O000442,P00213,1,8588.24,29.8,PURCHASE,1,6028.944479999999
OI000576,O000551,P00068,4,25505.08,3.9,PURCHASE,4,98041.52752
OI000577,O000585,P00149,2,23029.55,39.4,PURCHASE,2,27911.814600000005
OI000578,O000361,P00385,2,18017.53,12.8,PURCHASE,2,31422.57232
OI000579,O000704,P00492,3,16022.0,9.0,PURCHASE,3,43740.060000000005
OI000580,O000294,P00423,4,26212.92,100.0,PURCHASE,4,0.0
OI000581,O000672,P00089,1,19627.82,39.0,PURCHASE,1,11972.9702
OI000582,O000634,P00115,2,15150.5,3.2,PURCHASE,2,29331.368
OI000583,O000024,P00167,5,17122.25,18.9,PURCHASE,5,69430.72375
OI000584,O000761,P00308,4,25916.8,34.0,PURCHASE,4,68420.35199999998
OI000585,O000246,P00090,4,27649.43,12.9,PURCHASE,4,96330.61412
OI000586,O000212,P00296,4,20541.77,17.7,PURCHASE,4,67623.50684
OI000587,O000473,P00257,1,25152.48,34.9,PURCHASE,1,16374.26448
OI000588,O000740,P00493,-1,1066.44,27.1,RETURN,1,-777.43476
OI000589,O000395,P00037,4,26512.38,21.5,PURCHASE,4,83248.8732
OI000590,O000547,P00366,1,24849.84,2.4,PURCHASE,1,24253.44384
OI000591,O000743,P00394,1,21527.08,20.5,PURCHASE,1,17114.0286
OI000592,O000128,P00054,2,22762.42,23.2,PURCHASE,2,34963.077119999994
OI000593,O000376,P00212,3,7367.75,19.3,PURCHASE,3,17837.32275
OI000594,O000711,P00038,4,14798.15,9.8,PURCHASE,4,53391.7252
OI000595,O000456,P00170,4,17090.11,23.8,PURCHASE,4,52090.65528
OI000596,O000296,P00014,2,16949.83,28.6,PURCHASE,2,24204.35724
OI000597,O000582,P00325,3,13251.88,11.8,PURCHASE,3,35064.47448
OI000598,O000151,P00312,3,7793.44,9.1,PURCHASE,3,21252.71088
OI000599,O000152,P00300,1,21662.07,29.8,PURCHASE,1,15206.77314
OI000600,O000634,P00461,2,19351.16,23.5,PURCHASE,2,29607.2748
OI000601,O000388,P00444,4,26136.39,19.3,PURCHASE,4,84368.26692
OI000602,O000685,P00485,1,9348.32,9.0,PURCHASE,1,8506.9712
OI000603,O000123,P00333,2,13833.72,36.5,PURCHASE,2,17568.824399999998
OI000604,O000537,P00460,2,10970.45,1.3,PURCHASE,2,21655.6683
OI000605,O000520,P00035,3,16089.14,29.7,PURCHASE,3,33931.99626
OI000606,O000058,P00229,5,7416.3,31.9,PURCHASE,5,25252.501500000002
OI000607,O000251,P00117,4,29383.39,10.6,PURCHASE,4,105075.00264
OI000608,O000751,P00426,1,4063.21,12.1,PURCHASE,1,3571.5615900000003
OI000609,O000780,P00298,4,16154.32,31.3,PURCHASE,4,44392.07136
OI000610,O000202,P00245,1,14333.47,4.0,PURCHASE,1,13760.131199999998
OI000611,O000308,P00292,1,25848.06,4.5,PURCHASE,1,24684.8973
OI000612,O000200,P00302,5,29767.91,10.1,PURCHASE,5,133806.75545
OI000613,O000647,P00091,3,15474.59,38.1,PURCHASE,3,28736.31363
OI000614,O000255,P00175,3,15141.56,25.0,PURCHASE,3,34068.51
OI000615,O000187,P00250,1,29233.2,18.8,PURCHASE,1,23737.3584
OI000616,O000443,P00345,3,25874.69,13.7,PURCHASE,3,66989.57241
OI000617,O000199,P00399,1,6475.17,20.1,PURCHASE,1,5173.66083
OI000618,O000106,P00351,3,6387.73,26.9,PURCHASE,3,14008.29189
OI000619,O000406,P00403,2,18342.68,6.3,PURCHASE,2,34374.18232
OI000620,O000670,P00305,4,8154.56,37.3,PURCHASE,4,20451.63648
OI000621,O000311,P00190,2,21828.62,33.2,PURCHASE,2,29163.036319999996
OI000622,O000577,P00202,-4,28205.62,2.2,RETURN,4,-110340.38544
OI000623,O000144,P00500,4,682.44,28.2,PURCHASE,4,1959.96768
OI000624,O000302,P00427,-3,12882.2,15.3,RETURN,3,-32733.670200000004
OI000625,O000221,P00317,5,8291.49,3.0,PURCHASE,5,40213.7265
OI000626,O000739,P00304,4,28406.57,31.2,PURCHASE,4,78174.88063999999
OI000627,O000724,P00250,2,18240.47,15.0,PURCHASE,2,31008.799000000003
OI000628,O000283,P00276,3,8598.64,18.9,PURCHASE,3,20920.49112
OI000629,O000794,P00376,4,26231.12,23.6,PURCHASE,4,80162.30271999999
OI000630,O000449,P00126,3,22907.34,10.4,PURCHASE,3,61574.92992
OI000631,O000023,P00072,1,21007.61,29.6,PURCHASE,1,14789.35744
OI000632,O000792,P00229,2,14102.96,18.4,PURCHASE,2,23016.03072
OI000633,O000721,P00133,3,27987.17,5.6,PURCHASE,3,79259.66544
OI000634,O000499,P00409,1,1902.56,39.6,PURCHASE,1,1149.14624
OI000635,O000033,P00492,5,9879.39,21.6,PURCHASE,5,38727.2088
OI000636,O000069,P00377,1,29229.4,31.2,PURCHASE,1,20109.8272
OI000637,O000090,P00294,4,29789.2,30.1,PURCHASE,4,83290.60320000001
OI000638,O000284,P00239,4,29831.06,6.1,PURCHASE,4,112045.46136000002
OI000639,O000590,P00174,4,20808.33,32.8,PURCHASE,4,55932.79104000001
OI000640,O000589,P00151,1,11759.43,0.3,PURCHASE,1,11724.15171
OI000641,O000229,P00300,3,19643.02,8.0,PURCHASE,3,54214.7352
OI000642,O000733,P00445,5,23212.46,8.2,PURCHASE,5,106545.1914
OI000643,O000617,P00484,1,16248.28,38.2,PURCHASE,1,10041.43704
OI000644,O000236,P00337,2,4982.34,39.6,PURCHASE,2,6018.66672
OI000645,O000791,P00182,1,26976.5,17.6,PURCHASE,1,22228.636
OI000646,O000455,P00445,2,13459.69,16.0,PURCHASE,2,22612.2792
OI000647,O000128,P00048,2,17391.28,20.7,PURCHASE,2,27582.570079999998
OI000648,O000501,P00380,5,29861.19,16.6,PURCHASE,5,124521.16229999998
OI000649,O000520,P00185,4,3448.57,18.3,PURCHASE,4,11269.92676
OI000650,O000410,P00493,1,28377.38,33.5,PURCHASE,1,18870.957700000003
OI000651,O000308,P00118,1,24324.07,35.0,PURCHASE,1,15810.6455
OI000652,O000748,P00332,3,25437.7,7.1,PURCHASE,3,70894.8699
OI000653,O000144,P00356,4,1929.33,32.1,PURCHASE,4,5240.060280000001
OI000654,O000381,P00317,4,12635.25,7.0,PURCHASE,4,47003.13
OI000655,O000685,P00093,3,3370.81,6.5,PURCHASE,3,9455.12205
OI000656,O000641,P00192,3,951.5,1.0,PURCHASE,3,2825.955
OI000657,O000753,P00447,2,1490.33,15.1,PURCHASE,2,2530.58034
OI000658,O000162,P00052,1,6758.72,16.8,PURCHASE,1,5623.25504
OI000659,O000476,P00213,5,25721.78,100.0,PURCHASE,5,0.0
OI000660,O000264,P00066,3,11030.92,24.5,PURCHASE,3,24985.0338
OI000661,O000767,P00426,5,6657.4,5.2,PURCHASE,5,31556.075999999997
OI000662,O000085,P00381,1,8540.76,24.6,PURCHASE,1,6439.73304
OI000663,O000748,P00338,3,29221.31,26.7,PURCHASE,3,64257.660690000004
OI000664,O000274,P00390,2,11305.64,5.8,PURCHASE,2,21299.825759999996
OI000665,O000766,P00464,4,23846.43,39.2,PURCHASE,4,57994.51776
OI000666,O000244,P00083,4,17205.39,19.4,PURCHASE,4,55470.17736
OI000667,O000592,P00208,4,13650.49,10.5,PURCHASE,4,48868.7542
OI000668,O000672,P00394,5,10183.91,35.7,PURCHASE,5,32741.270650000002
OI000669,O000500,P00396,5,2985.45,34.2,PURCHASE,5,9822.1305
OI000670,O000375,P00219,1,3874.22,9.1,PURCHASE,1,3521.6659799999998
OI000671,O000564,P00365,3,10493.96,18.1,PURCHASE,3,25783.659719999996
OI000672,O000517,P00094,4,26580.17,20.4,PURCHASE,4,84631.26127999999
OI000673,O000795,P00009,2,10682.7,24.0,PURCHASE,2,16237.704000000002
OI000674,O000538,P00025,5,6989.66,37.9,PURCHASE,5,21702.8943
OI000675,O000103,P00349,2,25782.33,9.1,PURCHASE,2,46872.27594000001
OI000676,O000554,P00483,5,6145.66,2.0,PURCHASE,5,30113.734
OI000677,O000400,P00462,5,26822.96,18.7,PURCHASE,5,109035.33239999998
OI000678,O000001,P00039,3,20076.79,8.4,PURCHASE,3,55171.01892
OI000679,O000069,P00031,4,14479.87,6.4,PURCHASE,4,54212.63328
OI000680,O000249,P00201,2,11790.89,7.7,PURCHASE,2,21765.98294
OI000681,O000283,P00072,4,22215.68,37.8,PURCHASE,4,55272.61184000001
OI000682,O000689,P00142,-3,3607.03,12.4,RETURN,3,-9479.27484
OI000683,O000483,P00119,4,3833.45,29.7,PURCHASE,4,10779.6614
OI000684,O000773,P00467,3,28489.69,1.6,PURCHASE,3,84101.56487999999
OI000685,O000642,P00239,4,26299.65,27.7,PURCHASE,4,76058.58780000001
OI000686,O000231,P00268,1,21979.6,38.4,PURCHASE,1,13539.433599999998
OI000687,O000681,P00254,4,19177.99,34.6,PURCHASE,4,50169.62184
OI000688,O000283,P00464,3,9932.01,26.7,PURCHASE,3,21840.48999
OI000689,O000014,P00052,4,14899.78,23.6,PURCHASE,4,45533.72768
OI000690,O000800,P00424,4,25138.62,15.0,PURCHASE,4,85471.30799999999
OI000691,O000392,P00022,5,25162.35,25.7,PURCHASE,5,93478.13025
OI000692,O000783,P00123,3,21308.23,24.2,PURCHASE,3,48454.91502
OI000693,O000041,P00178,4,17243.01,20.9,PURCHASE,4,54556.88364
OI000694,O000644,P00382,4,866.65,22.7,PURCHASE,4,2679.6818
OI000695,O000102,P00150,4,21898.82,34.0,PURCHASE,4,57812.88479999999
OI000696,O000353,P00181,2,23532.92,13.0,PURCHASE,2,40947.28079999999
OI000697,O000788,P00407,2,23147.19,21.9,PURCHASE,2,36155.91078
OI000698,O000357,P00400,2,25713.73,13.4,PURCHASE,2,44536.18036
OI000699,O000234,P00163,3,21686.03,25.6,PURCHASE,3,48403.21896
OI000700,O000191,P00388,4,25693.68,19.4,PURCHASE,4,82836.42432
OI000701,O000371,P00387,2,9750.52,4.5,PURCHASE,2,18623.4932
OI000702,O000718,P00329,5,16841.65,7.1,PURCHASE,5,78229.46425
OI000703,O000096,P00047,5,19929.39,34.1,PURCHASE,5,65667.34005
OI000704,O000363,P00204,2,3198.42,38.2,PURCHASE,2,3953.24712
OI000705,O000301,P00315,5,9782.71,9.0,PURCHASE,5,44511.3305
OI000706,O000159,P00342,-3,6811.61,27.8,RETURN,3,-14753.947259999999
OI000707,O000451,P00332,2,8974.11,38.6,PURCHASE,2,11020.20708
OI000708,O000450,P00213,5,17085.76,16.5,PURCHASE,5,71333.04799999998
OI000709,O000643,P00295,4,21231.7,39.3,PURCHASE,4,51550.5676
OI000710,O000380,P00187,2,10776.52,38.3,PURCHASE,2,13298.22568
OI000711,O000720,P00127,5,2988.98,36.7,PURCHASE,5,9460.1217
OI000712,O000549,P00161,1,18162.34,28.8,PURCHASE,1,12931.58608
OI000713,O000568,P00421,2,17270.35,2.1,PURCHASE,2,33815.34529999999
OI000714,O000447,P00034,-2,13509.2,26.0,RETURN,2,-19993.616
OI000715,O000724,P00076,1,2055.84,28.8,PURCHASE,1,1463.75808
OI000716,O000746,P00015,5,21156.11,37.7,PURCHASE,5,65901.28265000001
OI000717,O000463,P00159,5,9209.37,9.3,PURCHASE,5,41764.49295000001
OI000718,O000417,P00074,5,17647.49,34.5,PURCHASE,5,57795.52975000001
OI000719,O000773,P00184,5,29322.88,24.6,PURCHASE,5,110547.2576
OI000720,O000751,P00100,2,23234.65,39.6,PURCHASE,2,28067.4572
OI000721,O000507,P00374,1,2915.43,16.1,PURCHASE,1,2446.0457699999997
OI000722,O000418,P00196,4,10364.53,3.8,PURCHASE,4,39882.71144
OI000723,O000259,P00256,1,12102.69,9.1,PURCHASE,1,11001.345210000001
OI000724,O000348,P00232,1,709.98,24.2,PURCHASE,1,538.16484
OI000725,O000383,P00049,-2,29555.35,0.5,RETURN,2,-58815.146499999995
OI000726,O000582,P00289,3,28675.78,7.5,PURCHASE,3,79575.2895
OI000727,O000224,P00500,3,20527.11,6.2,PURCHASE,3,57763.28754
OI000728,O000452,P00362,2,24449.41,17.8,PURCHASE,2,40194.83004
OI000729,O000124,P00414,3,3322.47,27.3,PURCHASE,3,7246.30707
OI000730,O000103,P00255,2,29920.52,36.8,PURCHASE,2,37819.537280000004
OI000731,O000562,P00426,4,28325.93,26.7,PURCHASE,4,83051.62676
OI000732,O000145,P00123,4,12188.11,14.3,PURCHASE,4,41780.84108
OI000733,O000676,P00363,5,15643.33,26.5,PURCHASE,5,57489.23774999999
OI000734,O000589,P00360,5,22732.01,25.7,PURCHASE,5,84449.41715
OI000735,O000782,P00102,3,12846.94,17.4,PURCHASE,3,31834.717320000003
OI000736,O000107,P00165,5,11725.38,19.9,PURCHASE,5,46960.1469
OI000737,O000701,P00358,1,1344.81,37.9,PURCHASE,1,835.1270099999999
OI000738,O000585,P00278,2,22203.79,21.4,PURCHASE,2,34904.35788
OI000739,O000193,P00181,5,24779.29,34.9,PURCHASE,5,80656.58895
OI000740,O000183,P00261,3,1437.15,8.6,PURCHASE,3,3940.665300000001
OI000741,O000227,P00365,3,6187.89,8.3,PURCHASE,3,17022.885390000003
OI000742,O000391,P00106,1,241.69,9.6,PURCHASE,1,218.48776
OI000743,O000182,P00200,2,25149.84,1.8,PURCHASE,2,49394.28576
OI000744,O000685,P00133,4,21334.16,36.1,PURCHASE,4,54530.11296
OI000745,O000670,P00378,3,405.8,32.9,PURCHASE,3,816.8754000000001
OI000746,O000195,P00419,4,411.85,27.7,PURCHASE,4,1191.0702
OI000747,O000132,P00340,2,3519.97,6.4,PURCHASE,2,6589.3838399999995
OI000748,O000550,P00168,2,7769.32,27.2,PURCHASE,2,11312.12992
OI000749,O000550,P00147,3,7918.83,30.4,PURCHASE,3,16534.51704
OI000750,O000207,P00487,1,14989.22,5.1,PURCHASE,1,14224.769779999999
OI000751,O000112,P00058,2,11703.11,3.3,PURCHASE,2,22633.81474
OI000752,O000447,P00316,3,4368.49,23.9,PURCHASE,3,9973.26267
OI000753,O000786,P00499,2,21774.81,1.8,PURCHASE,2,42765.72684
OI000754,O000257,P00472,2,6099.41,25.8,PURCHASE,2,9051.52444
OI000755,O000299,P00259,1,18853.69,13.4,PURCHASE,1,16327.29554
OI000756,O000452,P00036,2,8705.42,6.4,PURCHASE,2,16296.54624
OI000757,O000115,P00351,1,16074.79,24.7,PURCHASE,1,12104.31687
OI000758,O000380,P00020,2,20561.07,100.0,PURCHASE,2,0.0
OI000759,O000581,P00062,2,1152.34,21.8,PURCHASE,2,1802.25976
OI000760,O000488,P00480,5,8545.81,24.6,PURCHASE,5,32217.7037
OI000761,O000700,P00252,5,29405.92,25.5,PURCHASE,5,109537.05199999998
OI000762,O000466,P00275,3,8677.22,29.2,PURCHASE,3,18430.415279999997
OI000763,O000264,P00452,2,726.02,32.2,PURCHASE,2,984.4831199999999
OI000764,O000728,P00451,5,29625.93,5.0,PURCHASE,5,140723.16749999998
OI000765,O000416,P00216,4,13624.12,38.1,PURCHASE,4,33733.32112
OI000766,O000682,P00205,2,6256.86,8.7,PURCHASE,2,11425.02636
OI000767,O000747,P00338,5,13954.94,34.5,PURCHASE,5,45702.4285
OI000768,O000315,P00110,4,3348.64,26.1,PURCHASE,4,9898.57984
OI000769,O000794,P00446,5,6062.35,13.5,PURCHASE,5,26219.66375
OI000770,O000530,P00222,2,812.68,8.3,PURCHASE,2,1490.45512
OI000771,O000764,P00349,5,19273.02,23.0,PURCHASE,5,74201.12700000001
OI000772,O000325,P00240,2,4003.6,37.3,PURCHASE,2,5020.5144
OI000773,O000628,P00272,1,23630.17,3.4,PURCHASE,1,22826.744219999997
OI000774,O000055,P00170,1,27063.93,8.1,PURCHASE,1,24871.75167
OI000775,O000068,P00186,5,17545.11,33.1,PURCHASE,5,58688.39295000001
OI000776,O000297,P00156,1,4878.39,35.2,PURCHASE,1,3161.19672
OI000777,O000634,P00210,2,18897.61,28.0,PURCHASE,2,27212.558399999998
OI000778,O000256,P00500,1,4484.72,17.8,PURCHASE,1,3686.43984
OI000779,O000391,P00243,4,23037.43,23.4,PURCHASE,4,70586.68552
OI000780,O000452,P00300,5,26830.24,38.8,PURCHASE,5,82100.53440000002
OI000781,O000348,P00044,3,4134.81,12.0,PURCHASE,3,10915.8984
OI000782,O000685,P00101,3,23804.18,31.5,PURCHASE,3,48917.589900000006
OI000783,O000507,P00009,5,12590.39,6.8,PURCHASE,5,58671.217399999994
OI000784,O000287,P00267,1,27183.92,2.1,PURCHASE,1,26613.057679999998
OI000785,O000460,P00222,3,22524.93,30.4,PURCHASE,3,47032.05384
OI000786,O000565,P00017,2,27803.7,0.4,PURCHASE,2,55384.9704
OI000787,O000205,P00464,4,1175.9,26.9,PURCHASE,4,3438.331600000001
OI000788,O000525,P00438,4,10329.65,37.7,PURCHASE,4,25741.4878
OI000789,O000501,P00145,3,13551.24,26.9,PURCHASE,3,29717.869320000005
OI000790,O000522,P00459,-1,3942.92,30.5,RETURN,1,-2740.3294
OI000791,O000067,P00079,5,23388.41,34.5,PURCHASE,5,76597.04275000001
OI000792,O000350,P00446,5,17524.37,38.6,PURCHASE,5,53799.815899999994
OI000793,O000339,P00403,1,1779.38,5.5,PURCHASE,1,1681.5141
OI000794,O000191,P00047,-1,23768.62,9.3,RETURN,1,-21558.13834
OI000795,O000329,P00321,5,24544.77,28.3,PURCHASE,5,87993.00045
OI000796,O000481,P00148,5,1931.86,7.4,PURCHASE,5,8944.511799999998
OI000797,O000203,P00135,2,17305.48,7.6,PURCHASE,2,31980.52704
OI000798,O000193,P00096,3,6908.69,15.8,PURCHASE,3,17451.35094
OI000799,O000423,P00260,3,7603.4,13.8,PURCHASE,3,19662.392399999997
OI000801,O000441,P00041,-4,22353.63,3.5,RETURN,4,-86285.01180000001
OI000802,O000371,P00358,5,2069.78,10.5,PURCHASE,5,9262.265500000001
OI000803,O000761,P00416,4,9077.39,19.6,PURCHASE,4,29192.88624
OI000804,O000234,P00301,2,10651.56,18.6,PURCHASE,2,17340.73968
OI000805,O000413,P00238,4,4348.28,30.0,PURCHASE,4,12175.184
OI000806,O000143,P00404,3,26120.49,6.0,PURCHASE,3,73659.7818
OI000807,O000678,P00464,2,28386.68,8.7,PURCHASE,2,51834.07768
OI000808,O000278,P00173,-2,11827.73,12.1,RETURN,2,-20793.14934
OI000809,O000234,P00098,4,15024.19,17.4,PURCHASE,4,49639.923760000005
OI000810,O000682,P00031,3,2100.49,12.9,PURCHASE,3,5488.58037
OI000811,O000241,P00266,4,12548.73,0.5,PURCHASE,4,49943.9454
OI000812,O000646,P00160,5,3743.24,5.2,PURCHASE,5,17742.957599999998
OI000813,O000706,P00443,2,29115.88,2.5,PURCHASE,2,56775.966
OI000814,O000215,P00484,3,27313.37,36.1,PURCHASE,3,52359.73029
OI000815,O000488,P00403,3,17358.87,13.2,PURCHASE,3,45202.49748
OI000816,O000330,P00401,5,6944.91,23.7,PURCHASE,5,26494.831650000004
OI000817,O000501,P00289,4,9472.46,35.2,PURCHASE,4,24552.616319999994
OI000818,O000330,P00042,5,18117.73,35.6,PURCHASE,5,58339.09059999999
OI000819,O000461,P00200,2,8358.69,5.7,PURCHASE,2,15764.48934
OI000820,O000253,P00115,1,24762.62,19.3,PURCHASE,1,19983.434339999996
OI000821,O000328,P00249,3,16135.67,33.0,PURCHASE,3,32432.696699999997
OI000822,O000612,P00310,1,1910.83,35.4,PURCHASE,1,1234.39618
OI000823,O000255,P00405,4,24575.74,0.4,PURCHASE,4,97909.74816
OI000824,O000026,P00015,4,14001.69,36.4,PURCHASE,4,35620.299360000005
OI000825,O000569,P00081,5,9491.2,37.5,PURCHASE,5,29660.0
OI000826,O000622,P00233,3,3943.22,38.2,PURCHASE,3,7310.72988
OI000827,O000566,P00245,3,24970.95,15.0,PURCHASE,3,63675.9225
OI000828,O000332,P00203,2,25098.59,1.4,PURCHASE,2,49494.41948
OI000829,O000583,P00021,5,21546.38,5.3,PURCHASE,5,102022.1093
OI000830,O000156,P00053,5,21444.23,3.7,PURCHASE,5,103253.96745
OI000831,O000084,P00212,3,14824.43,21.8,PURCHASE,3,34778.11278
OI000832,O000406,P00356,2,2775.26,8.3,PURCHASE,2,5089.826840000001
OI000833,O000268,P00117,2,20537.31,1.0,PURCHASE,2,40663.8738
OI000834,O000491,P00022,1,7056.7,6.1,PURCHASE,1,6626.241300000001
OI000835,O000331,P00199,-4,22989.55,19.7,RETURN,4,-73842.43460000001
OI000836,O000564,P00035,1,1176.57,9.2,PURCHASE,1,1068.32556
OI000837,O000083,P00298,3,24888.2,15.9,PURCHASE,3,62792.9286
OI000839,O000201,P00168,3,19548.83,18.1,PURCHASE,3,48031.47531
OI000840,O000688,P00263,4,3469.54,15.5,PURCHASE,4,11727.045199999999
OI000841,O000211,P00103,5,9028.43,27.6,PURCHASE,5,32682.9166
OI000842,O000311,P00185,4,18820.92,22.7,PURCHASE,4,58194.28464
OI000843,O000524,P00013,-3,24904.66,34.4,RETURN,3,-49012.37088
OI000844,O000398,P00369,3,11783.56,30.2,PURCHASE,3,24674.77464
OI000845,O000612,P00147,2,3307.12,0.0,PURCHASE,2,6614.24
OI000846,O000012,P00485,3,9173.05,15.3,PURCHASE,3,23308.720049999996
OI000847,O000055,P00189,2,29131.11,29.7,PURCHASE,2,40958.34066
OI000848,O000670,P00012,3,26965.8,12.1,PURCHASE,3,71108.8146
OI000849,O000210,P00062,1,27968.09,7.0,PURCHASE,1,26010.323699999997
OI000850,O000467,P00446,5,8266.72,0.9,PURCHASE,5,40961.5976
OI000851,O000709,P00079,2,20372.78,1.2,PURCHASE,2,40256.61328
OI000852,O000423,P00090,1,1416.61,2.5,PURCHASE,1,1381.1947499999999
OI000853,O000289,P00369,4,8091.8,26.8,PURCHASE,4,23692.7904
OI000854,O000707,P00230,1,1419.28,22.5,PURCHASE,1,1099.942
OI000855,O000720,P00251,2,22301.53,11.5,PURCHASE,2,39473.708099999996
OI000856,O000484,P00279,2,27064.44,29.0,PURCHASE,2,38431.504799999995
OI000857,O000655,P00178,4,12113.2,18.7,PURCHASE,4,39392.1264
OI000858,O000689,P00385,4,12293.99,38.5,PURCHASE,4,30243.215399999997
OI000859,O000141,P00171,3,13577.99,21.6,PURCHASE,3,31935.432480000003
OI000860,O000352,P00260,2,16252.31,33.3,PURCHASE,2,21680.58154
OI000861,O000143,P00418,2,11950.87,32.9,PURCHASE,2,16038.067540000002
OI000862,O000558,P00022,5,220.81,37.4,PURCHASE,5,691.1353
OI000863,O000233,P00351,3,9832.07,33.5,PURCHASE,3,19614.97965
OI000864,O000536,P00337,4,10598.92,16.3,PURCHASE,4,35485.18416
OI000865,O000656,P00330,4,20848.89,30.1,PURCHASE,4,58293.49644
OI000866,O000517,P00410,1,27483.73,27.8,PURCHASE,1,19843.25306
OI000867,O000311,P00423,2,2987.96,32.6,PURCHASE,2,4027.77008
OI000868,O000124,P00107,2,20446.4,2.7,PURCHASE,2,39788.6944
OI000869,O000367,P00339,-4,17967.07,13.7,RETURN,4,-62022.325639999995
OI000870,O000635,P00302,4,17840.75,27.2,PURCHASE,4,51952.263999999996
OI000871,O000360,P00016,3,25849.13,15.4,PURCHASE,3,65605.09194
OI000872,O000706,P00301,5,28478.76,27.4,PURCHASE,5,103377.8988
OI000873,O000500,P00389,1,16357.68,3.3,PURCHASE,1,15817.87656
OI000874,O000097,P00233,4,7317.22,39.4,PURCHASE,4,17736.941280000003
OI000875,O000796,P00361,4,12377.15,0.4,PURCHASE,4,49310.5656
OI000876,O000800,P00015,5,15111.97,18.5,PURCHASE,5,61581.27774999999
OI000877,O000549,P00335,1,3618.29,20.7,PURCHASE,1,2869.30397
OI000878,O000167,P00021,3,12859.27,27.5,PURCHASE,3,27968.912249999998
OI000879,O000494,P00249,-2,23294.63,32.3,RETURN,2,-31540.929020000003
OI000880,O000045,P00155,2,25980.41,23.3,PURCHASE,2,39853.94894
OI000881,O000718,P00486,1,4262.24,29.6,PURCHASE,1,3000.61696
OI000882,O000449,P00255,3,12956.21,28.3,PURCHASE,3,27868.807709999997
OI000883,O000557,P00055,4,8439.18,22.3,PURCHASE,4,26228.97144
OI000884,O000270,P00450,3,15262.7,9.7,PURCHASE,3,41346.65430000001
OI000885,O000025,P00083,1,19972.76,17.8,PURCHASE,1,16417.608719999997
OI000886,O000270,P00245,1,19722.25,23.3,PURCHASE,1,15126.96575
OI000887,O000208,P00076,3,21074.07,0.4,PURCHASE,3,62969.32116
OI000888,O000116,P00269,3,364.84,35.2,PURCHASE,3,709.2489599999999
OI000889,O000492,P00411,2,14295.31,19.1,PURCHASE,2,23129.811579999998
OI000890,O000649,P00322,5,2220.46,26.7,PURCHASE,5,8137.9859
OI000891,O000779,P00035,4,29622.12,22.6,PURCHASE,4,91710.08352
OI000892,O000641,P00186,2,12251.1,30.1,PURCHASE,2,17127.037800000002
OI000893,O000405,P00015,2,27930.32,15.6,PURCHASE,2,47146.38016
OI000894,O000767,P00465,2,28486.7,20.4,PURCHASE,2,45350.826400000005
OI000895,O000651,P00081,2,8700.07,30.9,PURCHASE,2,12023.49674
OI000896,O000068,P00288,1,23333.74,30.9,PURCHASE,1,16123.614340000002
OI000897,O000288,P00238,3,16105.2,13.1,PURCHASE,3,41986.256400000006
OI000898,O000524,P00250,4,25201.28,23.6,PURCHASE,4,77015.11168
OI000899,O000614,P00339,5,10178.55,27.7,PURCHASE,5,36795.45825
OI000900,O000632,P00324,1,8119.53,10.9,PURCHASE,1,7234.50123
OI000901,O000321,P00475,3,17023.85,13.9,PURCHASE,3,43972.60455
OI000902,O000531,P00347,4,17973.04,26.8,PURCHASE,4,52625.06112
OI000903,O000143,P00411,3,20610.79,28.5,PURCHASE,3,44210.144550000005
OI000904,O000474,P00298,5,21765.32,35.0,PURCHASE,5,70737.29000000001
OI000905,O000649,P00426,3,19459.57,19.9,PURCHASE,3,46761.346710000005
OI000906,O000278,P00478,5,10307.84,10.2,PURCHASE,5,46282.2016
OI000907,O000386,P00417,5,197.69,7.6,PURCHASE,5,913.3278000000001
OI000908,O000466,P00479,5,8385.04,22.7,PURCHASE,5,32408.179600000003
OI000909,O000438,P00322,4,14343.41,15.5,PURCHASE,4,48480.7258
OI000910,O000371,P00390,1,2201.37,4.3,PURCHASE,1,2106.71109
OI000911,O000099,P00474,4,26750.22,22.7,PURCHASE,4,82711.68024
OI000912,O000640,P00369,3,7296.34,8.8,PURCHASE,3,19962.78624
OI000913,O000566,P00182,2,16655.94,12.7,PURCHASE,2,29081.27124
OI000914,O000393,P00105,5,28638.75,3.6,PURCHASE,5,138038.775
OI000915,O000277,P00415,4,7461.17,16.3,PURCHASE,4,24979.99716
OI000916,O000178,P00470,2,194.73,26.8,PURCHASE,2,285.08472
OI000917,O000396,P00229,2,25433.74,16.3,PURCHASE,2,42576.080760000004
OI000918,O000394,P00436,5,788.5,30.6,PURCHASE,5,2736.095
OI000919,O000448,P00405,5,719.4,20.3,PURCHASE,5,2866.8089999999997
OI000920,O000211,P00191,2,18068.51,28.0,PURCHASE,2,26018.654399999996
OI000921,O000213,P00112,3,8296.84,28.6,PURCHASE,3,17771.83128
OI000922,O000481,P00492,1,16942.94,25.8,PURCHASE,1,12571.661479999999
OI000923,O000023,P00200,5,11491.03,19.6,PURCHASE,5,46193.9406
OI000924,O000092,P00224,3,8146.74,36.5,PURCHASE,3,15519.539700000001
OI000925,O000225,P00438,5,18013.25,32.4,PURCHASE,5,60884.784999999996
OI000926,O000374,P00025,2,27483.91,3.7,PURCHASE,2,52934.01066
OI000927,O000082,P00269,3,8865.27,34.3,PURCHASE,3,17473.447170000003
OI000928,O000235,P00210,3,2096.69,34.9,PURCHASE,3,4094.8355699999997
OI000929,O000759,P00091,3,28266.28,35.8,PURCHASE,3,54440.855279999996
OI000930,O000201,P00309,1,3135.16,32.7,PURCHASE,1,2109.96268
OI000931,O000474,P00284,3,4666.29,37.3,PURCHASE,3,8777.29149
OI000933,O000050,P00241,2,7333.57,24.4,PURCHASE,2,11088.357839999999
OI000934,O000474,P00126,4,3385.3,9.9,PURCHASE,4,12200.621200000001
OI000935,O000069,P00194,-2,13877.1,32.0,RETURN,2,-18872.856
OI000936,O000555,P00372,4,14051.94,25.9,PURCHASE,4,41649.95016
OI000937,O000592,P00368,4,15751.77,16.3,PURCHASE,4,52736.92596
OI000938,O000038,P00106,1,11088.29,11.9,PURCHASE,1,9768.783490000002
OI000939,O000385,P00154,-3,14667.93,30.0,RETURN,3,-30802.653
OI000940,O000769,P00076,4,23736.68,30.0,PURCHASE,4,66462.704
OI000941,O000251,P00073,1,27119.54,10.1,PURCHASE,1,24380.46646
OI000942,O000381,P00452,2,12532.42,2.1,PURCHASE,2,24538.47836
OI000943,O000104,P00152,3,14006.17,15.5,PURCHASE,3,35505.64095
OI000944,O000613,P00151,3,16593.04,1.6,PURCHASE,3,48982.65408
OI000945,O000070,P00181,3,27667.36,6.6,PURCHASE,3,77523.94271999999
OI000946,O000729,P00288,3,15334.25,25.2,PURCHASE,3,34410.057
OI000947,O000343,P00409,5,18691.0,11.4,PURCHASE,5,82801.13
OI000948,O000127,P00453,4,13058.9,20.6,PURCHASE,4,41475.0664
OI000949,O000767,P00290,5,29047.07,37.3,PURCHASE,5,91062.56445
OI000950,O000451,P00375,3,22887.05,7.9,PURCHASE,3,63236.919149999994
OI000951,O000226,P00022,1,28611.43,7.8,PURCHASE,1,26379.73846
OI000952,O000156,P00219,5,29713.75,8.4,PURCHASE,5,136088.975
OI000953,O000039,P00136,4,6650.92,36.6,PURCHASE,4,16866.73312
OI000954,O000117,P00041,4,10347.84,29.1,PURCHASE,4,29346.47424
OI000955,O000265,P00296,5,27049.65,29.7,PURCHASE,5,95079.51975
OI000956,O000160,P00342,5,8441.04,23.8,PURCHASE,5,32160.362400000005
OI000957,O000023,P00223,4,28204.21,12.0,PURCHASE,4,99278.8192
OI000958,O000053,P00488,5,25907.46,4.3,PURCHASE,5,123967.19609999999
OI000959,O000225,P00451,2,4682.42,3.9,PURCHASE,2,8999.61124
OI000960,O000761,P00205,4,9042.63,9.7,PURCHASE,4,32661.97956
OI000961,O000679,P00034,3,1801.4,16.2,PURCHASE,3,4528.7196
OI000962,O000032,P00171,3,7146.9,35.2,PURCHASE,3,13893.573599999996
OI000963,O000603,P00110,4,7129.83,9.7,PURCHASE,4,25752.94596
OI000964,O000613,P00168,5,2578.06,3.3,PURCHASE,5,12464.9201
OI000966,O000483,P00091,1,29512.66,14.7,PURCHASE,1,25174.29898
OI000967,O000366,P00342,5,5040.12,12.4,PURCHASE,5,22075.725599999998
OI000968,O000085,P00021,-5,27684.28,31.6,RETURN,5,-94680.2376
OI000969,O000503,P00056,3,18501.51,21.0,PURCHASE,3,43848.5787
OI000970,O000067,P00237,5,4806.08,31.0,PURCHASE,5,16580.976
OI000971,O000230,P00353,3,25579.48,26.6,PURCHASE,3,56326.01496
OI000972,O000368,P00488,5,19639.33,32.6,PURCHASE,5,66184.5421
OI000973,O000317,P00342,3,13892.47,28.1,PURCHASE,3,29966.057789999995
OI000974,O000121,P00076,1,3870.68,28.9,PURCHASE,1,2752.05348
OI000975,O000328,P00297,2,13116.51,4.9,PURCHASE,2,24947.60202
OI000976,O000566,P00374,5,21302.41,35.8,PURCHASE,5,68380.73610000001
OI000977,O000401,P00099,3,1038.25,34.1,PURCHASE,3,2052.62025
OI000978,O000510,P00238,4,25890.97,18.0,PURCHASE,4,84922.38160000001
OI000979,O000725,P00217,3,22570.27,34.7,PURCHASE,3,44215.15893
OI000980,O000169,P00489,3,14658.14,39.5,PURCHASE,3,26604.5241
OI000981,O000246,P00263,5,8408.08,8.1,PURCHASE,5,38635.1276
OI000982,O000010,P00324,3,24026.24,100.0,PURCHASE,3,0.0
OI000983,O000514,P00104,2,20442.64,34.3,PURCHASE,2,26861.628960000002
OI000984,O000401,P00456,5,18412.67,24.5,PURCHASE,5,69507.82925
OI000985,O000041,P00233,5,16209.89,30.2,PURCHASE,5,56572.51609999999
OI000986,O000418,P00302,1,26359.21,37.2,PURCHASE,1,16553.58388
OI000987,O000237,P00473,3,6764.7,10.6,PURCHASE,3,18142.9254
OI000988,O000235,P00343,5,8034.44,21.2,PURCHASE,5,31655.6936
OI000989,O000461,P00123,-4,1528.14,3.0,RETURN,4,-5929.1832
OI000990,O000560,P00482,-4,26069.52,29.3,RETURN,4,-73724.60256000001
OI000991,O000788,P00308,1,17447.27,21.4,PURCHASE,1,13713.554220000002
OI000992,O000241,P00474,4,9924.76,21.8,PURCHASE,4,31044.64928
OI000993,O000082,P00169,2,718.66,5.2,PURCHASE,2,1362.57936
OI000994,O000674,P00150,3,27188.04,8.2,PURCHASE,3,74875.86216
OI000995,O000296,P00159,5,19206.78,3.0,PURCHASE,5,93152.88299999999
OI000996,O000004,P00489,2,23133.15,30.3,PURCHASE,2,32247.611100000006
OI000997,O000784,P00232,3,23003.39,31.2,PURCHASE,3,47478.99696
OI000998,O000685,P00315,3,10752.15,3.7,PURCHASE,3,31062.961349999998
OI000999,O000559,P00484,3,27336.51,24.8,PURCHASE,3,61671.16656
OI001000,O000065,P00084,2,15710.39,27.6,PURCHASE,2,22748.64472
OI001001,O000776,P00324,-3,25619.84,31.7,RETURN,3,-52495.05216000001
OI001002,O000795,P00416,4,5785.3,25.5,PURCHASE,4,17240.194
OI001003,O000069,P00500,2,28020.51,31.2,PURCHASE,2,38556.22175999999
OI001004,O000330,P00329,3,1354.74,100.0,PURCHASE,3,0.0
OI001005,O000382,P00333,3,25141.82,38.8,PURCHASE,3,46160.38152
OI001006,O000099,P00305,5,3583.17,5.4,PURCHASE,5,16948.394099999998
OI001007,O000744,P00390,3,24343.8,31.4,PURCHASE,3,50099.54039999999
OI001008,O000550,P00421,4,25773.84,2.2,PURCHASE,4,100827.26208
OI001009,O000141,P00357,3,29978.49,11.2,PURCHASE,3,79862.69736
OI001010,O000544,P00187,1,22184.99,16.3,PURCHASE,1,18568.83663
OI001011,O000190,P00365,1,27949.17,24.1,PURCHASE,1,21213.420029999997
OI001012,O000098,P00500,3,9617.52,4.9,PURCHASE,3,27438.78456
OI001013,O000081,P00119,1,25259.87,22.0,PURCHASE,1,19702.6986
OI001014,O000730,P00282,5,16427.33,36.3,PURCHASE,5,52321.046050000004
OI001015,O000414,P00386,1,26351.13,3.7,PURCHASE,1,25376.13819
OI001016,O000141,P00036,1,17690.3,4.3,PURCHASE,1,16929.6171
OI001017,O000370,P00208,5,4848.33,37.6,PURCHASE,5,15126.7896
OI001018,O000343,P00087,2,17113.56,34.7,PURCHASE,2,22350.309360000003
OI001019,O000224,P00374,2,28723.02,34.6,PURCHASE,2,37569.710159999995
OI001020,O000006,P00349,5,17343.05,29.2,PURCHASE,5,61394.397
OI001021,O000244,P00031,4,20039.78,7.7,PURCHASE,4,73986.86776
OI001022,O000415,P00499,5,17392.12,10.8,PURCHASE,5,77568.85519999999
OI001023,O000724,P00216,3,14980.55,39.1,PURCHASE,3,27369.464849999997
OI001024,O000260,P00354,2,24451.94,23.2,PURCHASE,2,37558.17984
OI001025,O000729,P00021,2,22371.92,29.3,PURCHASE,2,31633.89488
OI001026,O000224,P00142,1,19590.4,28.7,PURCHASE,1,13967.955200000002
OI001027,O000110,P00175,2,4494.93,25.9,PURCHASE,2,6661.486260000001
OI001028,O000421,P00194,5,13358.01,8.1,PURCHASE,5,61380.05595
OI001029,O000362,P00097,2,28479.38,17.5,PURCHASE,2,46990.977
OI001030,O000163,P00032,1,15776.03,8.2,PURCHASE,1,14482.395540000001
OI001031,O000291,P00144,2,511.65,31.4,PURCHASE,2,701.9837999999999
OI001032,O000357,P00156,2,20684.08,11.0,PURCHASE,2,36817.6624
OI001033,O000165,P00246,2,4091.25,31.2,PURCHASE,2,5629.5599999999995
OI001034,O000565,P00261,2,21665.16,20.9,PURCHASE,2,34274.28312
OI001035,O000675,P00265,3,706.96,22.7,PURCHASE,3,1639.4402400000001
OI001036,O000290,P00130,2,20086.56,22.2,PURCHASE,2,31254.687360000004
OI001037,O000543,P00472,2,29325.81,0.1,PURCHASE,2,58592.968380000006
OI001038,O000707,P00395,5,10304.76,19.2,PURCHASE,5,41631.23040000001
OI001039,O000739,P00392,4,24157.34,23.4,PURCHASE,4,74018.08976
OI001040,O000617,P00290,5,11459.65,25.0,PURCHASE,5,42973.6875
OI001041,O000345,P00183,4,16021.33,19.7,PURCHASE,4,51460.51196
OI001042,O000707,P00040,1,4196.17,16.4,PURCHASE,1,3507.99812
OI001043,O000548,P00379,1,29694.26,21.9,PURCHASE,1,23191.21706
OI001044,O000220,P00112,3,7768.05,36.7,PURCHASE,3,14751.526950000001
OI001045,O000659,P00302,4,2895.14,36.9,PURCHASE,4,7307.33336
OI001046,O000257,P00406,5,18910.3,30.4,PURCHASE,5,65807.844
OI001047,O000555,P00086,1,14737.53,39.7,PURCHASE,1,8886.73059
OI001048,O000103,P00046,5,27751.85,11.1,PURCHASE,5,123356.97325
OI001049,O000366,P00386,4,5012.4,29.6,PURCHASE,4,14114.918399999999
OI001050,O000684,P00141,2,4792.93,29.5,PURCHASE,2,6758.0313000000015
OI001051,O000215,P00102,2,1932.13,18.0,PURCHASE,2,3168.6932000000006
OI001052,O000744,P00468,2,22722.02,30.4,PURCHASE,2,31629.05184
OI001053,O000705,P00033,2,327.92,15.0,PURCHASE,2,557.464
OI001054,O000431,P00056,1,6432.38,6.1,PURCHASE,1,6040.00482
OI001055,O000171,P00137,5,26526.48,21.2,PURCHASE,5,104514.3312
OI001056,O000600,P00169,4,29916.81,21.3,PURCHASE,4,94178.11788
OI001057,O000436,P00089,5,13407.77,12.6,PURCHASE,5,58591.954900000004
OI001058,O000791,P00428,1,8936.47,30.9,PURCHASE,1,6175.10077
OI001059,O000596,P00060,2,6969.16,28.0,PURCHASE,2,10035.5904
OI001060,O000491,P00203,5,24519.46,2.1,PURCHASE,5,120022.75669999998
OI001061,O000130,P00124,1,18246.35,35.4,PURCHASE,1,11787.1421
OI001062,O000348,P00269,5,7908.09,22.0,PURCHASE,5,30841.551
OI001063,O000503,P00436,2,23721.84,28.0,PURCHASE,2,34159.4496
OI001064,O000453,P00037,4,16447.12,29.5,PURCHASE,4,46380.8784
OI001065,O000283,P00434,-3,22987.84,31.2,RETURN,3,-47446.90176
OI001066,O000741,P00016,1,22751.0,32.3,PURCHASE,1,15402.427000000001
OI001067,O000195,P00247,1,26839.4,25.9,PURCHASE,1,19887.9954
OI001068,O000620,P00014,2,9454.04,26.9,PURCHASE,2,13821.806480000003
OI001069,O000297,P00386,3,2642.71,32.5,PURCHASE,3,5351.48775
OI001070,O000489,P00148,4,23062.81,6.0,PURCHASE,4,86716.1656
OI001071,O000637,P00404,1,14119.34,20.3,PURCHASE,1,11253.113979999998
OI001072,O000051,P00002,3,11399.08,25.5,PURCHASE,3,25476.943799999997
OI001073,O000282,P00272,2,16933.75,9.4,PURCHASE,2,30683.955
OI001074,O000234,P00165,3,11049.7,32.9,PURCHASE,3,22243.046100000007
OI001075,O000043,P00283,1,1685.8,8.3,PURCHASE,1,1545.8786
OI001076,O000572,P00236,5,29962.36,30.9,PURCHASE,5,103519.9538
OI001077,O000539,P00095,2,8107.54,1.9,PURCHASE,2,15906.99348
OI001078,O000542,P00064,5,22181.34,10.5,PURCHASE,5,99261.4965
OI001079,O000660,P00091,5,15003.57,37.2,PURCHASE,5,47111.2098
OI001080,O000783,P00097,5,12051.29,9.7,PURCHASE,5,54411.57435
OI001081,O000410,P00317,3,15699.53,25.8,PURCHASE,3,34947.15378
OI001082,O000305,P00082,1,12652.01,28.7,PURCHASE,1,9020.883130000002
OI001083,O000542,P00221,2,28827.13,10.1,PURCHASE,2,51831.17974
OI001084,O000400,P00150,4,28389.64,14.9,PURCHASE,4,96638.33455999999
OI001085,O000192,P00207,2,11134.52,21.7,PURCHASE,2,17436.658320000002
OI001086,O000747,P00012,1,9301.11,31.7,PURCHASE,1,6352.658130000001
OI001087,O000544,P00259,1,21950.32,14.7,PURCHASE,1,18723.62296
OI001088,O000183,P00426,3,29177.04,18.6,PURCHASE,3,71250.33167999999
OI001089,O000705,P00175,1,19208.53,39.7,PURCHASE,1,11582.743589999998
OI001090,O000222,P00107,3,15833.75,23.5,PURCHASE,3,36338.45625
OI001091,O000746,P00114,2,2792.72,28.5,PURCHASE,2,3993.5896000000002
OI001092,O000127,P00279,1,6038.7,23.7,PURCHASE,1,4607.5280999999995
OI001093,O000222,P00069,4,29983.36,1.6,PURCHASE,4,118014.50496
OI001094,O000079,P00490,1,18395.07,20.2,PURCHASE,1,14679.265860000001
OI001095,O000399,P00049,4,25765.52,31.2,PURCHASE,4,70906.71104
OI001096,O000009,P00006,2,894.42,32.4,PURCHASE,2,1209.2558399999998
OI001097,O000425,P00058,5,17956.18,37.0,PURCHASE,5,56561.967
OI001098,O000484,P00327,4,8581.11,39.2,PURCHASE,4,20869.25952
OI001099,O000426,P00470,1,20435.61,15.7,PURCHASE,1,17227.21923
OI001100,O000060,P00040,3,24274.56,34.8,PURCHASE,3,47481.03936000001
OI001101,O000112,P00277,3,11970.36,19.1,PURCHASE,3,29052.06372
OI001102,O000775,P00209,2,21716.33,37.7,PURCHASE,2,27058.54718
OI001103,O000076,P00123,4,10197.07,3.1,PURCHASE,4,39523.84332
OI001104,O000764,P00439,3,16129.54,37.6,PURCHASE,3,30194.498880000003
OI001105,O000022,P00399,3,28074.21,17.1,PURCHASE,3,69820.56027
OI001106,O000532,P00356,1,3950.71,31.2,PURCHASE,1,2718.08848
OI001107,O000198,P00448,1,6175.15,15.6,PURCHASE,1,5211.826599999999
OI001108,O000782,P00014,4,13723.3,12.8,PURCHASE,4,47866.8704
OI001109,O000180,P00394,2,10281.95,2.1,PURCHASE,2,20132.058100000002
OI001110,O000447,P00293,1,25438.21,17.0,PURCHASE,1,21113.7143
OI001111,O000637,P00108,5,8782.98,38.5,PURCHASE,5,27007.663499999995
OI001112,O000568,P00003,5,23429.27,13.7,PURCHASE,5,101097.30005
OI001113,O000564,P00378,5,1479.01,9.3,PURCHASE,5,6707.310350000001
OI001114,O000055,P00053,3,20849.62,24.2,PURCHASE,3,47412.03588
OI001115,O000579,P00298,1,8644.36,7.3,PURCHASE,1,8013.321720000001
OI001116,O000262,P00299,2,17975.73,22.9,PURCHASE,2,27718.57566
OI001117,O000640,P00294,4,19737.46,33.2,PURCHASE,4,52738.49311999999
OI001118,O000764,P00374,4,15714.15,5.8,PURCHASE,4,59210.917199999996
OI001119,O000653,P00488,5,9977.58,4.1,PURCHASE,5,47842.4961
OI001120,O000318,P00292,5,25719.36,38.1,PURCHASE,5,79601.4192
OI001121,O000800,P00414,2,4324.64,38.8,PURCHASE,2,5293.359360000001
OI001122,O000057,P00209,5,29701.68,18.9,PURCHASE,5,120440.31240000001
OI001123,O000783,P00214,1,5300.05,8.6,PURCHASE,1,4844.2457
OI001124,O000234,P00267,5,20137.38,24.1,PURCHASE,5,76421.35710000001
OI001125,O000533,P00071,5,25095.54,39.2,PURCHASE,5,76290.4416
OI001126,O000418,P00455,1,27077.23,22.7,PURCHASE,1,20930.69879
OI001127,O000151,P00208,5,16380.56,5.9,PURCHASE,5,77070.5348
OI001128,O000564,P00196,5,12267.06,2.9,PURCHASE,5,59556.57629999999
OI001129,O000494,P00415,4,24935.36,35.3,PURCHASE,4,64532.71168
OI001130,O000322,P00293,3,22537.61,10.1,PURCHASE,3,60783.93417
OI001131,O000555,P00077,2,23217.03,34.0,PURCHASE,2,30646.479599999995
OI001132,O000031,P00427,2,6789.67,0.3,PURCHASE,2,13538.60198
OI001133,O000401,P00465,4,1749.01,33.3,PURCHASE,4,4666.35868
OI001134,O000077,P00042,2,10111.75,38.8,PURCHASE,2,12376.782000000003
OI001135,O000068,P00193,5,19483.73,3.2,PURCHASE,5,94301.25319999999
OI001136,O000756,P00165,1,23232.26,34.5,PURCHASE,1,15217.130299999999
OI001137,O000454,P00329,4,1603.95,14.7,PURCHASE,4,5472.6774
OI001138,O000508,P00226,4,11783.07,2.3,PURCHASE,4,46048.23756
OI001139,O000744,P00207,4,17929.73,13.8,PURCHASE,4,61821.709039999994
OI001140,O000504,P00372,4,27700.39,39.3,PURCHASE,4,67256.54692
OI001141,O000069,P00394,-3,28103.58,27.0,RETURN,3,-61546.8402
OI001142,O000204,P00104,4,28123.53,38.2,PURCHASE,4,69521.36615999999
OI001143,O000176,P00104,3,12099.24,18.7,PURCHASE,3,29510.04636
OI001144,O000210,P00435,2,2449.98,6.5,PURCHASE,2,4581.462600000001
OI001145,O000433,P00122,5,9600.9,18.7,PURCHASE,5,39027.6585
OI001146,O000386,P00063,2,2322.65,26.7,PURCHASE,2,3405.0049
OI001147,O000051,P00372,2,9758.38,5.6,PURCHASE,2,18423.821439999996
OI001148,O000097,P00221,3,1681.71,18.1,PURCHASE,3,4131.96147
OI001149,O000408,P00241,5,4339.02,18.5,PURCHASE,5,17681.5065
OI001150,O000175,P00469,2,25035.34,25.6,PURCHASE,2,37252.58592
OI001151,O000604,P00275,2,5882.22,20.8,PURCHASE,2,9317.43648
OI001152,O000560,P00175,4,20634.7,17.5,PURCHASE,4,68094.51
OI001153,O000238,P00448,5,3538.07,20.6,PURCHASE,5,14046.137900000002
OI001154,O000419,P00015,3,22533.11,38.4,PURCHASE,3,41641.18728
OI001155,O000603,P00279,4,27820.45,4.8,PURCHASE,4,105940.2736
OI001156,O000509,P00121,4,24247.41,34.4,PURCHASE,4,63625.20384
OI001157,O000386,P00277,2,25236.35,7.2,PURCHASE,2,46838.66559999999
OI001158,O000164,P00045,4,19820.7,0.6,PURCHASE,4,78807.1032
OI001159,O000108,P00352,3,4595.18,2.9,PURCHASE,3,13385.75934
OI001160,O000075,P00293,2,11998.12,18.3,PURCHASE,2,19604.92808
OI001161,O000605,P00274,3,18740.77,21.7,PURCHASE,3,44022.06873
OI001162,O000163,P00065,1,23971.71,38.1,PURCHASE,1,14838.48849
OI001163,O000556,P00222,5,7598.06,38.8,PURCHASE,5,23250.063600000005
OI001164,O000621,P00173,5,18922.53,25.9,PURCHASE,5,70107.97365
OI001165,O000559,P00260,4,22560.11,1.4,PURCHASE,4,88977.07384
OI001166,O000184,P00121,5,11775.84,7.8,PURCHASE,5,54286.6224
OI001167,O000027,P00479,5,11475.4,3.1,PURCHASE,5,55598.313
OI001168,O000680,P00499,4,16012.7,15.4,PURCHASE,4,54186.976800000004
OI001169,O000447,P00259,4,4702.07,33.4,PURCHASE,4,12526.31448
OI001170,O000506,P00384,1,16011.01,100.0,PURCHASE,1,0.0
OI001171,O000244,P00189,1,26502.31,26.5,PURCHASE,1,19479.19785
OI001172,O000400,P00196,5,13753.4,1.5,PURCHASE,5,67735.495
OI001173,O000555,P00091,3,8122.84,7.3,PURCHASE,3,22589.61804
OI001174,O000404,P00101,2,24475.27,11.8,PURCHASE,2,43174.376280000004
OI001175,O000137,P00350,5,25417.62,31.6,PURCHASE,5,86928.26039999998
OI001176,O000200,P00280,5,10271.56,6.6,PURCHASE,5,47968.18519999999
OI001177,O000336,P00096,5,21700.38,37.3,PURCHASE,5,68030.6913
OI001178,O000399,P00086,5,28387.34,8.9,PURCHASE,5,129304.33370000002
OI001179,O000623,P00401,3,25827.46,37.6,PURCHASE,3,48349.00512
OI001180,O000379,P00188,1,14740.0,10.5,PURCHASE,1,13192.300000000001
OI001181,O000333,P00009,5,14684.27,27.2,PURCHASE,5,53450.7428
OI001182,O000199,P00157,5,20295.26,20.5,PURCHASE,5,80673.65849999999
OI001183,O000116,P00468,4,5027.97,8.0,PURCHASE,4,18502.929600000003
OI001184,O000242,P00138,1,10990.29,15.8,PURCHASE,1,9253.82418
OI001185,O000111,P00168,3,6576.22,6.9,PURCHASE,3,18367.38246
OI001186,O000430,P00244,5,23984.23,17.9,PURCHASE,5,98455.26414999999
OI001187,O000636,P00137,2,19335.03,4.4,PURCHASE,2,36968.577359999996
OI001188,O000037,P00398,3,11549.68,21.2,PURCHASE,3,27303.44352
OI001189,O000537,P00243,5,22001.8,5.3,PURCHASE,5,104178.523
OI001190,O000133,P00121,5,25707.96,13.9,PURCHASE,5,110672.76779999999
OI001191,O000339,P00286,4,28670.83,34.6,PURCHASE,4,75002.89128
OI001192,O000773,P00231,5,9029.64,6.7,PURCHASE,5,42123.270599999996
OI001193,O000346,P00380,3,10252.13,23.5,PURCHASE,3,23528.63835
OI001194,O000325,P00404,5,15110.73,12.2,PURCHASE,5,66336.1047
OI001195,O000085,P00416,4,859.33,37.3,PURCHASE,4,2155.1996400000003
OI001196,O000160,P00411,3,6964.24,25.9,PURCHASE,3,15481.50552
OI001197,O000135,P00330,1,26067.7,2.8,PURCHASE,1,25337.8044
OI001198,O000035,P00268,2,12827.92,29.5,PURCHASE,2,18087.3672
OI001199,O000292,P00436,5,11553.72,23.5,PURCHASE,5,44192.979
OI001200,O000512,P00494,2,26976.18,31.6,PURCHASE,2,36903.41424
OI001201,O000424,P00077,1,25394.3,39.4,PURCHASE,1,15388.945800000001
OI001202,O000295,P00108,1,24181.0,6.9,PURCHASE,1,22512.511000000002
OI001203,O000755,P00069,2,3876.23,24.3,PURCHASE,2,5868.61222
OI001204,O000642,P00157,5,11376.97,0.3,PURCHASE,5,56714.19545
OI001205,O000269,P00251,2,16627.11,13.8,PURCHASE,2,28665.13764
OI001206,O000414,P00266,1,5390.54,7.2,PURCHASE,1,5002.42112
OI001207,O000267,P00383,3,8042.35,5.4,PURCHASE,3,22824.189300000002
OI001208,O000034,P00167,2,15376.75,31.0,PURCHASE,2,21219.914999999997
OI001209,O000674,P00284,2,11835.62,22.0,PURCHASE,2,18463.5672
OI001210,O000124,P00331,4,13769.29,8.6,PURCHASE,4,50340.524240000006
OI001211,O000223,P00475,5,29001.94,38.3,PURCHASE,5,89470.98489999998
OI001212,O000177,P00080,5,27298.28,8.6,PURCHASE,5,124753.1396
OI001213,O000104,P00376,4,19751.69,23.4,PURCHASE,4,60519.178159999996
OI001214,O000564,P00074,2,9820.57,14.5,PURCHASE,2,16793.1747
OI001215,O000554,P00105,3,9311.04,16.7,PURCHASE,3,23268.28896
OI001216,O000755,P00381,4,24266.43,11.6,PURCHASE,4,85806.09648000001
OI001217,O000268,P00444,3,28597.01,19.9,PURCHASE,3,68718.61503
OI001218,O000458,P00310,5,5685.16,7.0,PURCHASE,5,26435.994
OI001219,O000253,P00342,5,15857.3,19.9,PURCHASE,5,63508.486500000006
OI001220,O000335,P00071,5,28379.55,20.8,PURCHASE,5,112383.01800000001
OI001221,O000692,P00386,1,10992.79,29.2,PURCHASE,1,7782.8953200000005
OI001222,O000193,P00089,1,8032.82,22.2,PURCHASE,1,6249.53396
OI001223,O000477,P00266,5,17110.75,14.0,PURCHASE,5,73576.225
OI001224,O000722,P00450,3,10785.19,9.5,PURCHASE,3,29281.79085
OI001225,O000769,P00405,1,8416.09,12.1,PURCHASE,1,7397.74311
OI001226,O000587,P00438,5,13860.42,13.9,PURCHASE,5,59669.108100000005
OI001227,O000746,P00293,-1,4561.54,23.1,RETURN,1,-3507.82426
OI001228,O000601,P00384,3,2865.0,8.0,PURCHASE,3,7907.400000000001
OI001229,O000524,P00099,1,5970.35,0.2,PURCHASE,1,5958.4093
OI001230,O000216,P00352,5,18300.05,4.6,PURCHASE,5,87291.23849999999
OI001231,O000750,P00078,1,3630.57,27.5,PURCHASE,1,2632.16325
OI001232,O000478,P00386,2,18214.54,29.8,PURCHASE,2,25573.21416
OI001233,O000413,P00054,2,1351.35,24.7,PURCHASE,2,2035.1330999999998
OI001234,O000352,P00339,5,27978.83,7.9,PURCHASE,5,128842.51215000002
OI001235,O000038,P00151,5,11470.48,8.3,PURCHASE,5,52592.150799999996
OI001236,O000667,P00449,3,3198.52,30.6,PURCHASE,3,6659.3186399999995
OI001237,O000292,P00012,5,18797.92,5.6,PURCHASE,5,88726.18239999999
OI001239,O000376,P00496,3,25205.42,2.6,PURCHASE,3,73650.23723999999
OI001240,O000220,P00367,5,3933.28,27.8,PURCHASE,5,14199.140800000001
OI001241,O000100,P00118,4,8336.31,17.0,PURCHASE,4,27676.549199999998
OI001242,O000376,P00199,3,3996.97,33.9,PURCHASE,3,7925.99151
OI001243,O000761,P00399,-2,29703.99,37.2,RETURN,2,-37308.21144
OI001244,O000166,P00246,2,8410.13,6.7,PURCHASE,2,15693.30258
OI001245,O000739,P00494,1,25872.73,0.9,PURCHASE,1,25639.87543
OI001246,O000289,P00272,1,7905.75,34.6,PURCHASE,1,5170.3605
OI001247,O000658,P00004,2,26006.98,1.3,PURCHASE,2,51337.77852
OI001248,O000372,P00465,4,16976.41,30.7,PURCHASE,4,47058.60852
OI001249,O000316,P00319,1,17744.67,31.1,PURCHASE,1,12226.07763
OI001250,O000177,P00485,2,25263.2,5.5,PURCHASE,2,47747.448
OI001251,O000003,P00057,1,23097.79,31.9,PURCHASE,1,15729.594990000001
OI001252,O000028,P00413,4,3101.28,15.9,PURCHASE,4,10432.70592
OI001253,O000166,P00217,5,492.56,3.9,PURCHASE,5,2366.7508000000003
OI001254,O000110,P00076,5,21621.8,39.0,PURCHASE,5,65946.49
OI001255,O000201,P00261,1,3139.83,2.2,PURCHASE,1,3070.7537399999997
OI001256,O000049,P00417,3,15967.75,11.0,PURCHASE,3,42633.8925
OI001257,O000180,P00059,-2,16997.42,7.3,RETURN,2,-31513.216679999998
OI001258,O000364,P00229,4,17925.19,19.8,PURCHASE,4,57504.00952
OI001259,O000342,P00102,2,4781.88,32.4,PURCHASE,2,6465.10176
OI001260,O000448,P00456,4,4552.52,14.1,PURCHASE,4,15642.45872
OI001261,O000142,P00359,-4,1821.67,10.6,RETURN,4,-6514.291920000001
OI001262,O000339,P00321,-5,2127.56,4.7,RETURN,5,-10137.8234
OI001263,O000479,P00064,3,22495.78,10.5,PURCHASE,3,60401.1693
OI001264,O000566,P00035,5,25751.82,25.2,PURCHASE,5,96311.8068
OI001266,O000604,P00153,5,27884.9,15.8,PURCHASE,5,117395.42899999999
OI001267,O000655,P00115,1,17750.48,27.4,PURCHASE,1,12886.848479999999
OI001268,O000570,P00384,3,27251.47,38.2,PURCHASE,3,50524.22538
OI001269,O000051,P00249,4,7522.43,33.2,PURCHASE,4,20099.93296
OI001270,O000216,P00378,5,17894.13,23.3,PURCHASE,5,68623.98855000001
OI001271,O000457,P00414,1,24694.12,10.6,PURCHASE,1,22076.543279999998
OI001272,O000677,P00072,1,1624.33,18.4,PURCHASE,1,1325.45328
OI001273,O000109,P00046,4,4834.92,26.6,PURCHASE,4,14195.32512
OI001274,O000643,P00133,1,27067.9,21.8,PURCHASE,1,21167.097800000003
OI001275,O000379,P00351,5,17904.67,35.4,PURCHASE,5,57832.08409999999
OI001276,O000151,P00460,1,13389.26,0.9,PURCHASE,1,13268.756660000001
OI001277,O000602,P00494,3,15295.7,32.6,PURCHASE,3,30927.9054
OI001278,O000409,P00458,3,4233.4,30.3,PURCHASE,3,8852.0394
OI001279,O000365,P00268,5,7070.82,39.3,PURCHASE,5,21459.9387
OI001280,O000012,P00277,2,868.22,21.6,PURCHASE,2,1361.36896
OI001281,O000683,P00048,2,11469.47,3.4,PURCHASE,2,22159.01604
OI001282,O000664,P00343,1,15375.86,20.0,PURCHASE,1,12300.688000000002
OI001283,O000170,P00308,4,15190.13,18.5,PURCHASE,4,49519.82379999999
OI001284,O000687,P00477,4,1595.76,1.7,PURCHASE,4,6274.528319999999
OI001285,O000265,P00464,1,12763.33,14.2,PURCHASE,1,10950.93714
OI001286,O000658,P00128,2,20258.35,32.3,PURCHASE,2,27429.8059
OI001287,O000741,P00194,3,27937.2,23.2,PURCHASE,3,64367.308800000006
OI001288,O000657,P00204,2,1450.51,24.2,PURCHASE,2,2198.97316
OI001289,O000625,P00193,4,21638.61,37.4,PURCHASE,4,54183.07944
OI001290,O000524,P00160,2,447.3,22.4,PURCHASE,2,694.2096
OI001291,O000365,P00297,2,12258.27,21.7,PURCHASE,2,19196.450820000002
OI001292,O000588,P00492,2,12063.9,27.9,PURCHASE,2,17396.1438
OI001293,O000447,P00071,3,4625.03,39.5,PURCHASE,3,8394.42945
OI001294,O000070,P00218,1,1995.96,12.0,PURCHASE,1,1756.4448
OI001295,O000601,P00459,2,22689.18,24.0,PURCHASE,2,34487.5536
OI001296,O000210,P00366,4,6478.98,28.8,PURCHASE,4,18452.135039999997
OI001297,O000255,P00023,3,15380.2,16.0,PURCHASE,3,38758.10400000001
OI001298,O000170,P00185,3,14918.2,10.5,PURCHASE,3,40055.367000000006
OI001299,O000666,P00017,2,8280.64,31.5,PURCHASE,2,11344.4768
OI001300,O000482,P00387,4,27947.6,2.6,PURCHASE,4,108883.84959999999
OI001301,O000609,P00276,5,18951.56,21.9,PURCHASE,5,74005.84180000001
OI001302,O000411,P00237,5,8217.81,17.7,PURCHASE,5,33816.28814999999
OI001303,O000108,P00404,2,18714.17,36.8,PURCHASE,2,23654.71088
OI001304,O000560,P00217,5,18560.46,36.6,PURCHASE,5,58836.65819999999
OI001305,O000714,P00317,5,27916.26,15.2,PURCHASE,5,118364.94239999999
OI001306,O000093,P00168,3,29369.0,32.1,PURCHASE,3,59824.653000000006
OI001307,O000139,P00370,5,1851.78,27.5,PURCHASE,5,6712.702499999999
OI001308,O000714,P00476,4,1430.2,4.5,PURCHASE,4,5463.364
OI001309,O000746,P00032,2,16180.74,30.9,PURCHASE,2,22361.78268
OI001310,O000322,P00128,4,19463.79,4.0,PURCHASE,4,74740.9536
OI001311,O000614,P00029,4,1569.64,23.8,PURCHASE,4,4784.262720000001
OI001312,O000140,P00153,5,7581.51,1.9,PURCHASE,5,37187.30655
OI001313,O000699,P00443,3,22242.75,22.3,PURCHASE,3,51847.85025
OI001314,O000052,P00168,4,529.22,31.6,PURCHASE,4,1447.94592
OI001315,O000373,P00251,4,26784.66,22.8,PURCHASE,4,82711.03008
OI001316,O000327,P00494,2,15242.01,24.3,PURCHASE,2,23076.403140000002
OI001317,O000379,P00133,4,23520.05,34.2,PURCHASE,4,61904.77159999999
OI001318,O000718,P00149,1,19015.46,24.1,PURCHASE,1,14432.734139999999
OI001319,O000010,P00356,4,5683.47,7.0,PURCHASE,4,21142.5084
OI001320,O000463,P00220,4,14271.06,16.0,PURCHASE,4,47950.7616
OI001321,O000400,P00015,1,8499.83,39.3,PURCHASE,1,5159.39681
OI001322,O000516,P00418,3,15560.38,15.5,PURCHASE,3,39445.5633
OI001323,O000550,P00008,1,15536.48,15.8,PURCHASE,1,13081.71616
OI001324,O000131,P00101,1,17906.18,37.7,PURCHASE,1,11155.55014
OI001325,O000014,P00477,3,29827.06,16.3,PURCHASE,3,74895.74766000001
OI001326,O000436,P00039,2,27593.7,2.1,PURCHASE,2,54028.4646
OI001327,O000778,P00453,4,12959.5,27.9,PURCHASE,4,37375.198000000004
OI001328,O000546,P00025,4,29213.72,25.4,PURCHASE,4,87173.74048000001
OI001329,O000527,P00090,3,20185.3,27.8,PURCHASE,3,43721.35979999999
OI001330,O000260,P00186,3,20307.04,17.2,PURCHASE,3,50442.68736
OI001331,O000668,P00240,3,26109.12,33.8,PURCHASE,3,51852.712320000006
OI001332,O000199,P00079,4,16164.28,30.6,PURCHASE,4,44872.04128
OI001333,O000636,P00376,1,27044.99,15.9,PURCHASE,1,22744.83659
OI001334,O000661,P00329,2,1018.08,34.7,PURCHASE,2,1329.61248
OI001335,O000174,P00420,1,10673.54,0.5,PURCHASE,1,10620.1723
OI001336,O000069,P00311,4,24818.38,10.2,PURCHASE,4,89147.62096
OI001337,O000396,P00312,2,16405.03,33.2,PURCHASE,2,21917.120079999997
OI001338,O000339,P00435,2,453.28,34.3,PURCHASE,2,595.60992
OI001339,O000759,P00054,5,26190.35,17.6,PURCHASE,5,107904.242
OI001340,O000069,P00432,4,5250.27,10.2,PURCHASE,4,18858.96984
OI001341,O000268,P00135,4,15998.94,32.8,PURCHASE,4,43005.150720000005
OI001342,O000487,P00309,5,21166.85,22.1,PURCHASE,5,82444.88075
OI001343,O000774,P00467,3,17913.12,5.9,PURCHASE,3,50568.737759999996
OI001344,O000677,P00131,5,24136.76,22.7,PURCHASE,5,93288.5774
OI001345,O000527,P00398,2,22953.59,24.0,PURCHASE,2,34889.4568
OI001346,O000493,P00297,2,3229.16,33.6,PURCHASE,2,4288.324479999999
OI001347,O000239,P00019,1,29596.22,21.6,PURCHASE,1,23203.43648
OI001348,O000180,P00138,2,24966.08,25.9,PURCHASE,2,36999.73056
OI001349,O000242,P00122,5,4613.34,4.5,PURCHASE,5,22028.6985
OI001350,O000031,P00201,2,17040.78,39.3,PURCHASE,2,20687.50692
OI001351,O000051,P00365,5,6441.52,5.8,PURCHASE,5,30339.5592
OI001352,O000190,P00118,2,586.7,27.7,PURCHASE,2,848.3682000000001
OI001353,O000118,P00024,1,18978.23,26.9,PURCHASE,1,13873.086130000002
OI001354,O000493,P00367,4,16477.46,32.7,PURCHASE,4,44357.32232
OI001355,O000096,P00148,1,7133.43,22.1,PURCHASE,1,5556.941970000001
OI001356,O000657,P00484,1,22678.0,31.4,PURCHASE,1,15557.107999999998
OI001357,O000785,P00439,5,5930.12,12.4,PURCHASE,5,25973.9256
OI001358,O000693,P00405,1,6036.82,30.9,PURCHASE,1,4171.44262
OI001359,O000414,P00469,-2,24539.36,11.2,RETURN,2,-43581.903360000004
OI001360,O000389,P00225,1,27097.89,1.8,PURCHASE,1,26610.127979999997
OI001361,O000400,P00217,3,489.95,25.9,PURCHASE,3,1089.15885
OI001362,O000089,P00363,1,26765.09,37.7,PURCHASE,1,16674.65107
OI001364,O000481,P00022,5,11081.8,22.5,PURCHASE,5,42941.975
OI001365,O000208,P00151,5,16075.45,22.7,PURCHASE,5,62131.61425
OI001366,O000622,P00236,1,16244.07,22.3,PURCHASE,1,12621.64239
OI001367,O000122,P00242,5,19846.31,19.4,PURCHASE,5,79980.6293
OI001368,O000380,P00412,5,10954.34,33.8,PURCHASE,5,36258.8654
OI001369,O000024,P00355,5,766.08,3.5,PURCHASE,5,3696.336
OI001370,O000368,P00233,5,24948.01,7.5,PURCHASE,5,115384.54625
OI001371,O000567,P00438,1,29413.93,22.9,PURCHASE,1,22678.140030000002
OI001372,O000473,P00185,3,29148.31,4.7,PURCHASE,3,83335.01829
OI001373,O000093,P00344,2,11614.39,7.4,PURCHASE,2,21509.85028
OI001374,O000661,P00283,2,18295.69,23.7,PURCHASE,2,27919.22294
OI001375,O000182,P00084,2,14378.09,20.5,PURCHASE,2,22861.1631
OI001376,O000725,P00452,3,11056.6,36.6,PURCHASE,3,21029.6532
OI001377,O000698,P00151,3,25066.75,12.8,PURCHASE,3,65574.618
OI001378,O000592,P00073,2,11078.35,33.2,PURCHASE,2,14800.675599999999
OI001379,O000752,P00026,1,6664.76,28.2,PURCHASE,1,4785.29768
OI001380,O000055,P00236,2,4166.77,33.9,PURCHASE,2,5508.469940000001
OI001381,O000167,P00471,5,26633.98,35.4,PURCHASE,5,86027.7554
OI001382,O000498,P00267,5,20696.53,28.7,PURCHASE,5,73783.12945000001
OI001383,O000430,P00038,4,16313.12,37.2,PURCHASE,4,40978.55744
OI001385,O000381,P00500,1,25330.83,35.4,PURCHASE,1,16363.716180000001
OI001386,O000089,P00162,2,22451.19,1.7,PURCHASE,2,44139.03954
OI001387,O000452,P00028,5,1411.12,18.5,PURCHASE,5,5750.313999999999
OI001388,O000697,P00008,1,7767.13,28.0,PURCHASE,1,5592.3336
OI001389,O000517,P00294,3,9884.14,11.7,PURCHASE,3,26183.08686
OI001390,O000582,P00268,4,16704.45,8.5,PURCHASE,4,61138.287000000004
OI001391,O000610,P00132,3,23003.13,16.5,PURCHASE,3,57622.84065
OI001392,O000739,P00264,2,6145.32,12.4,PURCHASE,2,10766.600639999999
OI001393,O000790,P00372,1,10035.48,6.1,PURCHASE,1,9423.31572
OI001394,O000413,P00114,2,26782.82,8.5,PURCHASE,2,49012.560600000004
OI001395,O000369,P00225,3,26451.14,9.7,PURCHASE,3,71656.13826
OI001396,O000543,P00031,4,29372.51,17.4,PURCHASE,4,97046.77304
OI001397,O000603,P00281,2,29894.03,35.6,PURCHASE,2,38503.51063999999
OI001398,O000561,P00156,2,6912.76,36.8,PURCHASE,2,8737.728640000001
OI001399,O000306,P00208,2,9992.36,2.1,PURCHASE,2,19565.04088
OI001400,O000722,P00026,4,18634.25,14.1,PURCHASE,4,64027.282999999996
OI001401,O000211,P00290,2,391.02,1.4,PURCHASE,2,771.0914399999999
OI001402,O000333,P00055,1,21025.13,29.2,PURCHASE,1,14885.79204
OI001403,O000240,P00052,1,13934.72,20.3,PURCHASE,1,11105.971839999998
OI001404,O000704,P00010,2,8918.46,37.7,PURCHASE,2,11112.40116
OI001405,O000720,P00091,2,12243.07,24.8,PURCHASE,2,18413.57728
OI001406,O000275,P00358,1,29946.51,35.7,PURCHASE,1,19255.605929999998
OI001407,O000322,P00402,5,28863.17,0.4,PURCHASE,5,143738.58659999998
OI001408,O000717,P00471,1,3418.71,8.6,PURCHASE,1,3124.70094
OI001409,O000356,P00495,5,19048.12,24.7,PURCHASE,5,71716.1718
OI001410,O000505,P00052,4,25351.29,18.5,PURCHASE,4,82645.20539999999
OI001411,O000726,P00381,5,19353.01,36.5,PURCHASE,5,61445.806749999996
OI001412,O000050,P00005,4,20358.4,8.6,PURCHASE,4,74430.3104
OI001413,O000209,P00354,5,8395.28,5.0,PURCHASE,5,39877.58
OI001414,O000047,P00260,5,22833.48,2.6,PURCHASE,5,111199.04759999999
OI001415,O000097,P00490,2,10170.64,24.6,PURCHASE,2,15337.32512
OI001416,O000368,P00178,2,20612.14,13.6,PURCHASE,2,35617.77792
OI001417,O000035,P00031,4,17124.9,23.1,PURCHASE,4,52676.19240000001
OI001418,O000439,P00483,5,16447.39,28.7,PURCHASE,5,58634.94535
OI001419,O000713,P00459,2,15078.52,27.8,PURCHASE,2,21773.38288
OI001420,O000224,P00340,2,8740.38,23.2,PURCHASE,2,13425.22368
OI001421,O000231,P00011,1,13808.44,30.4,PURCHASE,1,9610.67424
OI001422,O000009,P00112,2,24870.42,2.9,PURCHASE,2,48298.355639999994
OI001423,O000262,P00067,4,3262.46,21.5,PURCHASE,4,10244.1244
OI001424,O000192,P00339,5,4568.6,31.6,PURCHASE,5,15624.612
OI001425,O000072,P00008,1,19330.22,35.7,PURCHASE,1,12429.331460000001
OI001426,O000251,P00003,5,12478.74,10.1,PURCHASE,5,56091.9363
OI001427,O000120,P00046,4,6676.33,5.4,PURCHASE,4,25263.23272
OI001428,O000695,P00172,4,26306.07,22.5,PURCHASE,4,81548.817
OI001429,O000332,P00439,5,2723.03,23.7,PURCHASE,5,10388.359450000002
OI001430,O000172,P00203,1,25310.61,16.8,PURCHASE,1,21058.42752
OI001431,O000009,P00453,2,10676.32,7.5,PURCHASE,2,19751.192
OI001432,O000026,P00356,5,27229.19,4.6,PURCHASE,5,129883.23629999998
OI001433,O000232,P00366,-5,5752.45,28.0,RETURN,5,-20708.82
OI001434,O000623,P00372,2,27216.44,21.0,PURCHASE,2,43001.9752
OI001435,O000501,P00371,1,17009.75,17.3,PURCHASE,1,14067.06325
OI001436,O000217,P00275,3,16562.97,29.2,PURCHASE,3,35179.74828
OI001437,O000475,P00354,4,20752.88,15.3,PURCHASE,4,70310.75744
OI001438,O000769,P00396,3,14414.63,30.6,PURCHASE,3,30011.259659999996
OI001439,O000069,P00281,4,4721.74,36.3,PURCHASE,4,12030.99352
OI001440,O000522,P00142,3,9398.65,2.1,PURCHASE,3,27603.835049999998
OI001441,O000173,P00370,4,1713.83,22.0,PURCHASE,4,5347.1496
OI001442,O000641,P00475,2,28370.88,2.4,PURCHASE,2,55379.95776
OI001443,O000286,P00336,2,27744.19,34.4,PURCHASE,2,36400.37728
OI001444,O000369,P00296,5,21062.91,26.9,PURCHASE,5,76984.93605000002
OI001445,O000131,P00019,2,8382.25,28.6,PURCHASE,2,11969.853
OI001446,O000134,P00368,4,25529.55,5.1,PURCHASE,4,96910.1718
OI001447,O000736,P00100,1,22803.19,20.1,PURCHASE,1,18219.748809999997
OI001448,O000417,P00130,4,20497.24,33.0,PURCHASE,4,54932.6032
OI001449,O000237,P00479,4,10740.18,36.1,PURCHASE,4,27451.900080000003
OI001450,O000136,P00394,1,19587.66,39.6,PURCHASE,1,11830.94664
OI001451,O000703,P00381,1,11405.79,24.3,PURCHASE,1,8634.18303
OI001452,O000768,P00490,5,28328.96,1.2,PURCHASE,5,139945.0624
OI001453,O000555,P00421,3,11674.27,6.5,PURCHASE,3,32746.32735
OI001454,O000208,P00481,1,518.36,2.2,PURCHASE,1,506.95608
OI001455,O000428,P00431,4,22618.97,35.6,PURCHASE,4,58266.46672
OI001456,O000157,P00044,5,11872.12,14.5,PURCHASE,5,50753.313
OI001457,O000782,P00402,3,1181.71,38.6,PURCHASE,3,2176.70982
OI001458,O000314,P00310,2,17069.83,13.8,PURCHASE,2,29428.38692
OI001459,O000172,P00233,2,5151.4,5.4,PURCHASE,2,9746.448799999998
OI001460,O000303,P00496,2,23596.33,26.6,PURCHASE,2,34639.41244
OI001461,O000671,P00285,3,4624.04,27.2,PURCHASE,3,10098.903359999998
OI001462,O000041,P00274,4,17864.14,27.5,PURCHASE,4,51806.005999999994
OI001463,O000418,P00076,2,27232.45,28.4,PURCHASE,2,38996.8684
OI001464,O000390,P00135,2,10231.18,9.6,PURCHASE,2,18497.97344
OI001465,O000289,P00485,4,5681.1,14.6,PURCHASE,4,19406.637600000002
OI001466,O000231,P00126,3,28485.98,1.4,PURCHASE,3,84261.52884
OI001467,O000724,P00428,3,15917.16,16.2,PURCHASE,3,40015.74023999999
OI001468,O000379,P00443,4,11773.09,27.6,PURCHASE,4,34094.86864
OI001469,O000465,P00206,5,21644.51,39.6,PURCHASE,5,65366.42019999999
OI001470,O000651,P00172,2,7273.88,14.8,PURCHASE,2,12394.69152
OI001471,O000403,P00198,5,11531.0,32.3,PURCHASE,5,39032.435000000005
OI001472,O000130,P00041,2,11161.18,21.4,PURCHASE,2,17545.37496
OI001473,O000634,P00470,3,24461.5,7.4,PURCHASE,3,67954.04699999999
OI001474,O000381,P00295,4,25342.76,7.3,PURCHASE,4,93970.95408
OI001475,O000465,P00446,3,11101.49,28.7,PURCHASE,3,23746.087110000004
OI001476,O000395,P00063,3,20064.17,10.6,PURCHASE,3,53812.10393999999
OI001477,O000162,P00482,4,9099.82,12.7,PURCHASE,4,31776.57144
OI001478,O000058,P00232,5,19767.79,18.3,PURCHASE,5,80751.42215
OI001479,O000019,P00016,5,21953.03,19.8,PURCHASE,5,88031.6503
OI001480,O000172,P00073,1,21923.69,17.9,PURCHASE,1,17999.349489999997
OI001481,O000326,P00081,2,29086.88,11.2,PURCHASE,2,51658.29888
OI001482,O000518,P00409,4,25339.83,26.0,PURCHASE,4,75005.8968
OI001483,O000510,P00100,2,28019.39,27.1,PURCHASE,2,40852.270619999996
OI001484,O000350,P00449,2,13396.82,18.1,PURCHASE,2,21943.991159999998
OI001485,O000332,P00209,2,201.82,11.1,PURCHASE,2,358.83596
OI001486,O000782,P00323,3,24428.77,37.3,PURCHASE,3,45950.51637
OI001487,O000377,P00167,5,1464.35,1.0,PURCHASE,5,7248.5325
OI001488,O000183,P00374,2,5670.63,18.5,PURCHASE,2,9243.1269
OI001489,O000436,P00014,5,29033.02,27.7,PURCHASE,5,104954.36730000001
OI001490,O000782,P00204,5,20854.42,19.8,PURCHASE,5,83626.2242
OI001491,O000125,P00102,4,10596.83,6.2,PURCHASE,4,39759.30616
OI001492,O000739,P00014,5,17310.84,25.2,PURCHASE,5,64742.5416
OI001493,O000131,P00369,3,10632.24,35.7,PURCHASE,3,20509.59096
OI001494,O000241,P00076,2,20827.43,32.6,PURCHASE,2,28075.37564
OI001495,O000535,P00309,5,8691.15,34.1,PURCHASE,5,28637.33925
OI001496,O000228,P00401,3,6876.45,17.1,PURCHASE,3,17101.73115
OI001497,O000481,P00204,1,16581.69,18.4,PURCHASE,1,13530.65904
OI001498,O000510,P00404,1,24227.08,33.2,PURCHASE,1,16183.68944
OI001499,O000015,P00252,1,3083.32,25.8,PURCHASE,1,2287.82344
OI001500,O000228,P00458,5,19000.39,7.3,PURCHASE,5,88066.80765
OI001501,O000683,P00407,4,22885.14,21.4,PURCHASE,4,71950.88016
OI001502,O000206,P00167,4,4017.62,8.4,PURCHASE,4,14720.55968
OI001503,O000708,P00079,2,27597.32,20.3,PURCHASE,2,43990.128079999995
OI001504,O000300,P00130,2,29712.65,34.3,PURCHASE,2,39042.4221
OI001505,O000681,P00351,2,28754.79,16.2,PURCHASE,2,48193.02804
OI001506,O000633,P00173,2,1574.34,15.6,PURCHASE,2,2657.4859199999996
OI001507,O000740,P00246,2,19467.85,21.3,PURCHASE,2,30642.3959
OI001508,O000504,P00142,1,288.76,26.8,PURCHASE,1,211.37232
OI001509,O000313,P00396,1,9786.37,0.5,PURCHASE,1,9737.43815
OI001510,O000395,P00090,4,15310.67,11.5,PURCHASE,4,54199.7718
OI001511,O000738,P00243,3,9483.55,11.1,PURCHASE,3,25292.627849999997
OI001512,O000258,P00292,1,28109.83,26.4,PURCHASE,1,20688.834880000002
OI001513,O000738,P00138,1,23016.17,26.9,PURCHASE,1,16824.82027
OI001514,O000584,P00478,1,11341.66,39.4,PURCHASE,1,6873.045960000001
OI001515,O000509,P00184,2,24122.5,32.4,PURCHASE,2,32613.619999999995
OI001516,O000163,P00342,1,26019.63,19.8,PURCHASE,1,20867.743260000003
OI001517,O000154,P00158,1,17190.05,30.1,PURCHASE,1,12015.84495
OI001518,O000414,P00237,5,13671.71,1.5,PURCHASE,5,67333.17175
OI001519,O000076,P00085,4,14567.79,3.2,PURCHASE,4,56406.48288
OI001520,O000136,P00225,4,946.72,38.4,PURCHASE,4,2332.71808
OI001521,O000548,P00319,4,12668.66,9.5,PURCHASE,4,45860.5492
OI001522,O000647,P00351,5,20978.68,12.4,PURCHASE,5,91886.61839999999
OI001523,O000789,P00196,3,1023.23,20.5,PURCHASE,3,2440.40355
OI001524,O000343,P00094,2,1465.85,4.8,PURCHASE,2,2790.9783999999995
OI001525,O000794,P00179,4,8241.39,11.3,PURCHASE,4,29240.451719999997
OI001526,O000291,P00246,1,135.6,16.8,PURCHASE,1,112.8192
OI001527,O000317,P00279,4,9002.54,17.9,PURCHASE,4,29564.341360000002
OI001528,O000092,P00215,2,10492.01,27.6,PURCHASE,2,15192.430479999999
OI001529,O000034,P00012,4,9510.57,8.8,PURCHASE,4,34694.55936
OI001530,O000396,P00500,3,18532.12,38.5,PURCHASE,3,34191.7614
OI001531,O000651,P00290,3,20908.77,8.9,PURCHASE,3,57143.66841
OI001532,O000608,P00239,1,10557.96,6.5,PURCHASE,1,9871.6926
OI001533,O000212,P00219,3,2443.06,12.6,PURCHASE,3,6405.7033200000005
OI001534,O000574,P00431,5,18390.55,13.9,PURCHASE,5,79171.31775
OI001535,O000254,P00153,3,26252.3,37.7,PURCHASE,3,49065.5487
OI001536,O000727,P00132,1,9230.04,4.9,PURCHASE,1,8777.76804
OI001537,O000251,P00386,5,21200.05,34.3,PURCHASE,5,69642.16425
OI001538,O000232,P00295,3,7987.45,21.0,PURCHASE,3,18930.2565
OI001539,O000575,P00088,2,17840.3,20.0,PURCHASE,2,28544.48
OI001540,O000741,P00479,2,20103.33,21.3,PURCHASE,2,31642.641420000004
OI001541,O000277,P00052,2,29023.41,39.9,PURCHASE,2,34886.13882
OI001542,O000063,P00354,2,14414.24,1.7,PURCHASE,2,28338.395839999997
OI001543,O000532,P00179,2,21321.69,16.5,PURCHASE,2,35607.222299999994
OI001544,O000136,P00440,2,403.8,12.1,PURCHASE,2,709.8804
OI001545,O000391,P00476,1,18367.06,22.7,PURCHASE,1,14197.73738
OI001546,O000755,P00448,3,23385.68,8.2,PURCHASE,3,64404.16272000001
OI001547,O000403,P00443,3,17887.68,7.6,PURCHASE,3,49584.648960000006
OI001548,O000483,P00494,1,12964.3,32.2,PURCHASE,1,8789.795399999999
OI001549,O000071,P00134,3,5755.66,27.8,PURCHASE,3,12466.759559999999
OI001550,O000075,P00115,5,1536.93,8.2,PURCHASE,5,7054.508700000001
OI001551,O000418,P00081,2,7534.96,12.4,PURCHASE,2,13201.24992
OI001552,O000213,P00336,-1,7036.52,18.0,RETURN,1,-5769.946400000001
OI001553,O000710,P00346,4,16254.14,1.1,PURCHASE,4,64301.377839999994
OI001554,O000667,P00161,2,8489.34,30.1,PURCHASE,2,11868.09732
OI001555,O000670,P00046,4,8652.79,18.6,PURCHASE,4,28173.48424
OI001556,O000213,P00431,3,6928.59,31.8,PURCHASE,3,14175.895139999999
OI001557,O000168,P00083,5,8481.89,15.6,PURCHASE,5,35793.5758
OI001558,O000748,P00447,2,4090.95,39.8,PURCHASE,2,4925.5038
OI001559,O000140,P00009,2,17251.15,4.3,PURCHASE,2,33018.7011
OI001561,O000439,P00402,4,24491.97,17.5,PURCHASE,4,80823.501
OI001562,O000625,P00313,3,9524.14,35.9,PURCHASE,3,18314.92122
OI001563,O000380,P00108,1,27114.99,36.4,PURCHASE,1,17245.13364
OI001564,O000265,P00418,4,968.4,10.8,PURCHASE,4,3455.2512
OI001565,O000048,P00066,5,2136.23,38.9,PURCHASE,5,6526.18265
OI001566,O000790,P00009,1,4975.02,6.5,PURCHASE,1,4651.6437000000005
OI001567,O000383,P00030,4,21694.15,36.7,PURCHASE,4,54929.5878
OI001568,O000474,P00374,1,14340.98,25.4,PURCHASE,1,10698.371079999999
OI001569,O000424,P00055,5,18061.53,34.5,PURCHASE,5,59151.51075
OI001570,O000369,P00328,5,26184.68,17.6,PURCHASE,5,107880.8816
OI001571,O000152,P00174,5,2016.26,6.2,PURCHASE,5,9456.259399999999
OI001572,O000599,P00401,3,22771.66,11.3,PURCHASE,3,60595.387259999996
OI001573,O000758,P00076,2,18853.31,18.1,PURCHASE,2,30881.72178
OI001574,O000191,P00052,2,29381.86,4.8,PURCHASE,2,55943.06144
OI001575,O000242,P00357,3,16628.69,32.3,PURCHASE,3,33772.86939
OI001576,O000076,P00233,1,14593.46,27.7,PURCHASE,1,10551.07158
OI001577,O000613,P00078,3,29151.57,24.7,PURCHASE,3,65853.39662999999
OI001578,O000326,P00377,1,5262.64,5.7,PURCHASE,1,4962.66952
OI001579,O000261,P00128,2,5535.46,0.9,PURCHASE,2,10971.28172
OI001580,O000116,P00193,2,9683.03,32.4,PURCHASE,2,13091.456559999999
OI001581,O000197,P00466,2,145.08,21.6,PURCHASE,2,227.48544000000004
OI001582,O000302,P00155,4,25022.06,12.2,PURCHASE,4,87877.47472
OI001583,O000614,P00298,-3,13992.29,32.2,RETURN,3,-28460.31786
OI001584,O000700,P00194,5,2234.01,30.6,PURCHASE,5,7752.014700000001
OI001585,O000459,P00255,3,27122.84,15.9,PURCHASE,3,68430.92532
OI001586,O000613,P00380,3,8113.42,18.1,PURCHASE,3,19934.67294
OI001587,O000175,P00082,3,624.35,3.2,PURCHASE,3,1813.1124000000002
OI001588,O000146,P00415,5,19658.18,22.9,PURCHASE,5,75782.2839
OI001589,O000293,P00060,1,25954.09,37.2,PURCHASE,1,16299.168519999997
OI001590,O000606,P00163,3,21063.83,16.1,PURCHASE,3,53017.660110000004
OI001591,O000738,P00416,2,5253.58,24.9,PURCHASE,2,7890.87716
OI001592,O000185,P00022,4,10123.21,10.4,PURCHASE,4,36281.58464
OI001593,O000565,P00174,1,21743.16,8.9,PURCHASE,1,19808.01876
OI001594,O000045,P00140,5,25544.64,28.2,PURCHASE,5,91705.2576
OI001595,O000086,P00091,2,24882.19,31.3,PURCHASE,2,34188.12906
OI001596,O000679,P00467,1,16195.96,34.8,PURCHASE,1,10559.76592
OI001597,O000412,P00153,1,17527.19,21.2,PURCHASE,1,13811.42572
OI001598,O000399,P00159,3,25131.43,26.9,PURCHASE,3,55113.22599000001
OI001599,O000584,P00476,5,14985.06,25.5,PURCHASE,5,55819.3485
OI001600,O000534,P00168,4,8524.89,34.8,PURCHASE,4,22232.91312
OI001601,O000122,P00306,4,6609.57,26.3,PURCHASE,4,19485.01236
OI001602,O000447,P00415,2,5879.91,0.7,PURCHASE,2,11677.50126
OI001603,O000168,P00314,3,23895.55,4.5,PURCHASE,3,68460.75074999999
OI001604,O000582,P00396,1,25894.76,17.9,PURCHASE,1,21259.59796
OI001605,O000625,P00305,5,20750.58,3.9,PURCHASE,5,99706.5369
OI001606,O000114,P00377,-5,6658.27,17.3,RETURN,5,-27531.946450000003
OI001607,O000764,P00087,1,10500.28,7.9,PURCHASE,1,9670.757880000001
OI001608,O000558,P00203,2,215.08,25.3,PURCHASE,2,321.32952
OI001609,O000251,P00454,5,16540.02,0.1,PURCHASE,5,82617.3999
OI001610,O000428,P00432,5,23372.77,30.7,PURCHASE,5,80986.64805000002
OI001611,O000547,P00358,4,13775.92,17.4,PURCHASE,4,45515.63968000001
OI001612,O000570,P00456,2,15097.89,35.7,PURCHASE,2,19415.88654
OI001613,O000209,P00110,4,22434.82,20.2,PURCHASE,4,71611.94544
OI001614,O000556,P00468,4,13700.79,9.9,PURCHASE,4,49377.64716000001
OI001615,O000112,P00001,1,19948.34,31.6,PURCHASE,1,13644.66456
OI001616,O000624,P00079,1,25489.55,29.2,PURCHASE,1,18046.6014
OI001617,O000473,P00378,5,1992.69,19.1,PURCHASE,5,8060.43105
OI001618,O000718,P00011,4,14520.13,15.4,PURCHASE,4,49136.11992
OI001619,O000645,P00371,3,5094.74,25.4,PURCHASE,3,11402.028119999999
OI001620,O000670,P00417,3,2344.3,5.1,PURCHASE,3,6674.2221
OI001621,O000120,P00236,5,10635.06,23.7,PURCHASE,5,40572.753899999996
OI001622,O000253,P00278,3,14974.61,29.4,PURCHASE,3,31716.22398
OI001623,O000750,P00078,4,20908.34,32.9,PURCHASE,4,56117.984560000004
OI001624,O000627,P00446,3,2916.6,12.9,PURCHASE,3,7621.0758
OI001625,O000608,P00290,2,6783.12,10.9,PURCHASE,2,12087.51984
OI001626,O000783,P00228,3,17422.01,24.3,PURCHASE,3,39565.38471
OI001627,O000147,P00392,5,17748.94,39.9,PURCHASE,5,53335.564699999995
OI001628,O000634,P00203,-4,215.03,31.3,RETURN,4,-590.9024400000001
OI001629,O000510,P00131,5,18572.43,22.8,PURCHASE,5,71689.57979999999
OI001630,O000522,P00100,5,25424.7,4.5,PURCHASE,5,121402.94249999999
OI001631,O000470,P00266,3,22018.98,21.5,PURCHASE,3,51854.69790000001
OI001632,O000300,P00398,5,8030.11,12.6,PURCHASE,5,35091.5807
OI001633,O000656,P00264,4,9867.34,6.8,PURCHASE,4,36785.44352
OI001634,O000168,P00205,2,1268.63,16.0,PURCHASE,2,2131.2984
OI001635,O000019,P00431,5,16085.77,10.1,PURCHASE,5,72305.53615
OI001636,O000001,P00285,5,5779.62,26.6,PURCHASE,5,21211.2054
OI001637,O000683,P00418,5,18603.75,29.5,PURCHASE,5,65578.21875
OI001638,O000109,P00284,3,25978.26,0.6,PURCHASE,3,77467.17132
OI001639,O000380,P00469,1,6464.34,27.2,PURCHASE,1,4706.03952
OI001640,O000413,P00053,5,23378.77,14.2,PURCHASE,5,100294.92330000001
OI001641,O000367,P00199,3,7905.67,22.6,PURCHASE,3,18356.965740000003
OI001642,O000681,P00433,3,17127.52,20.1,PURCHASE,3,41054.66544
OI001643,O000020,P00335,1,4943.66,35.1,PURCHASE,1,3208.43534
OI001644,O000647,P00385,2,26667.81,4.9,PURCHASE,2,50722.17462
OI001645,O000311,P00487,3,17899.65,1.7,PURCHASE,3,52786.06785000001
OI001646,O000433,P00287,4,11289.33,12.0,PURCHASE,4,39738.4416
OI001647,O000797,P00065,1,10391.37,23.9,PURCHASE,1,7907.8325700000005
OI001648,O000436,P00394,2,25667.74,5.0,PURCHASE,2,48768.706
OI001649,O000651,P00332,3,979.05,20.0,PURCHASE,3,2349.72
OI001650,O000555,P00148,3,6762.84,17.5,PURCHASE,3,16738.029
OI001651,O000238,P00274,2,14724.06,3.3,PURCHASE,2,28476.332039999998
OI001652,O000357,P00112,1,24884.09,36.0,PURCHASE,1,15925.8176
OI001653,O000404,P00066,2,27922.5,2.7,PURCHASE,2,54337.185
OI001654,O000798,P00328,2,13953.1,6.3,PURCHASE,2,26148.1094
OI001655,O000559,P00375,2,16714.98,28.5,PURCHASE,2,23902.421400000003
OI001656,O000186,P00300,3,25266.77,5.6,PURCHASE,3,71555.49264
OI001657,O000119,P00258,3,18486.94,17.9,PURCHASE,3,45533.33321999999
OI001658,O000542,P00437,1,18018.66,10.3,PURCHASE,1,16162.73802
OI001659,O000236,P00392,3,10763.0,5.6,PURCHASE,3,30480.816
OI001660,O000762,P00437,3,23705.17,18.4,PURCHASE,3,58030.25616
OI001661,O000585,P00236,2,25437.42,24.1,PURCHASE,2,38614.00356
OI001662,O000523,P00274,1,3831.87,8.7,PURCHASE,1,3498.49731
OI001663,O000705,P00103,2,15682.85,24.0,PURCHASE,2,23837.932
OI001664,O000526,P00243,5,5334.97,36.5,PURCHASE,5,16938.52975
OI001665,O000492,P00279,4,8628.71,22.2,PURCHASE,4,26852.54552
OI001666,O000321,P00093,1,9241.31,13.1,PURCHASE,1,8030.69839
OI001667,O000747,P00116,4,23549.04,2.0,PURCHASE,4,92312.2368
OI001668,O000365,P00218,4,8448.57,15.3,PURCHASE,4,28623.755159999997
OI001669,O000761,P00194,2,11984.97,37.3,PURCHASE,2,15029.15238
OI001670,O000406,P00070,5,7782.88,15.0,PURCHASE,5,33077.24
OI001671,O000350,P00027,5,17616.53,1.2,PURCHASE,5,87025.65819999999
OI001672,O000610,P00284,3,17365.44,21.3,PURCHASE,3,40999.80383999999
OI001673,O000726,P00175,2,2641.03,23.8,PURCHASE,2,4024.9297200000005
OI001674,O000295,P00088,3,22110.06,20.6,PURCHASE,3,52666.16292000001
OI001675,O000687,P00315,4,13197.41,22.4,PURCHASE,4,40964.76064
OI001676,O000503,P00169,5,15644.99,37.8,PURCHASE,5,48655.918900000004
OI001677,O000053,P00092,2,22381.25,18.5,PURCHASE,2,36481.4375
OI001678,O000679,P00434,1,9047.27,21.6,PURCHASE,1,7093.05968
OI001679,O000463,P00461,1,27794.28,30.0,PURCHASE,1,19455.996
OI001680,O000269,P00474,3,23718.24,31.8,PURCHASE,3,48527.51904
OI001681,O000164,P00268,4,3233.85,7.3,PURCHASE,4,11991.1158
OI001682,O000541,P00258,3,25482.75,4.6,PURCHASE,3,72931.6305
OI001683,O000504,P00428,5,28363.27,13.5,PURCHASE,5,122671.14275
OI001684,O000756,P00408,5,26007.34,33.7,PURCHASE,5,86214.3321
OI001685,O000108,P00228,4,11175.16,5.9,PURCHASE,4,42063.30224
OI001686,O000600,P00107,2,11272.7,25.1,PURCHASE,2,16886.5046
OI001687,O000552,P00385,1,13993.92,30.0,PURCHASE,1,9795.743999999999
OI001688,O000200,P00065,-4,22357.95,4.9,RETURN,4,-85049.6418
OI001689,O000011,P00128,5,17247.81,19.0,PURCHASE,5,69853.63050000001
OI001690,O000358,P00063,2,1363.65,2.4,PURCHASE,2,2661.8448000000003
OI001691,O000104,P00439,5,1377.22,13.1,PURCHASE,5,5984.0209
OI001692,O000732,P00237,2,27182.73,37.3,PURCHASE,2,34087.14342
OI001693,O000211,P00195,4,13252.14,8.7,PURCHASE,4,48396.81528
OI001694,O000411,P00291,2,7335.64,24.7,PURCHASE,2,11047.47384
OI001695,O000558,P00165,4,19022.79,11.7,PURCHASE,4,67188.49428
OI001696,O000343,P00441,4,7258.32,19.5,PURCHASE,4,23371.790399999998
OI001697,O000119,P00052,4,11847.33,27.2,PURCHASE,4,34499.42496
OI001698,O000521,P00467,2,5533.15,1.1,PURCHASE,2,10944.570699999998
OI001699,O000785,P00333,4,10359.15,10.0,PURCHASE,4,37292.94
OI001700,O000262,P00132,1,20520.43,3.1,PURCHASE,1,19884.29667
OI001701,O000714,P00237,3,6221.66,21.4,PURCHASE,3,14670.674280000001
OI001702,O000420,P00425,3,11261.82,5.0,PURCHASE,3,32096.186999999998
OI001703,O000002,P00070,4,347.35,5.7,PURCHASE,4,1310.2042000000001
OI001704,O000522,P00447,1,7848.98,10.8,PURCHASE,1,7001.29016
OI001705,O000236,P00304,3,27804.29,23.0,PURCHASE,3,64227.9099
OI001706,O000508,P00206,3,25830.85,26.4,PURCHASE,3,57034.51679999999
OI001707,O000004,P00292,2,16143.77,34.3,PURCHASE,2,21212.913780000003
OI001708,O000784,P00139,3,10583.09,34.2,PURCHASE,3,20891.019659999998
OI001709,O000337,P00276,4,14779.7,18.1,PURCHASE,4,48418.2972
OI001710,O000436,P00413,5,29555.07,31.6,PURCHASE,5,101078.3394
OI001711,O000278,P00398,1,28418.62,23.6,PURCHASE,1,21711.825679999998
OI001712,O000520,P00253,2,13351.31,29.9,PURCHASE,2,18718.536620000003
OI001713,O000240,P00110,4,14299.4,0.6,PURCHASE,4,56854.4144
OI001714,O000009,P00310,1,3470.24,38.1,PURCHASE,1,2148.07856
OI001715,O000430,P00497,1,3918.72,5.3,PURCHASE,1,3711.0278399999997
OI001716,O000041,P00474,3,25436.73,34.5,PURCHASE,3,49983.174450000006
OI001717,O000036,P00371,3,4105.12,10.7,PURCHASE,3,10997.61648
OI001718,O000725,P00354,4,25182.08,10.9,PURCHASE,4,89748.93312
OI001719,O000381,P00400,2,19333.07,2.4,PURCHASE,2,37738.15264
OI001720,O000102,P00489,2,8383.73,38.1,PURCHASE,2,10379.05774
OI001721,O000572,P00244,2,29490.61,34.6,PURCHASE,2,38573.71788
OI001722,O000182,P00192,1,25275.26,31.7,PURCHASE,1,17263.00258
OI001723,O000711,P00331,2,3080.4,21.3,PURCHASE,2,4848.5496
OI001724,O000313,P00196,5,20657.51,8.6,PURCHASE,5,94404.8207
OI001725,O000409,P00230,2,27906.02,31.2,PURCHASE,2,38398.68352
OI001726,O000243,P00201,4,2195.35,14.4,PURCHASE,4,7516.8784
OI001727,O000032,P00006,3,18186.96,1.2,PURCHASE,3,53906.149439999994
OI001728,O000342,P00490,5,877.31,18.5,PURCHASE,5,3575.038249999999
OI001729,O000771,P00399,1,5232.79,3.7,PURCHASE,1,5039.17677
OI001730,O000580,P00022,5,2359.56,15.6,PURCHASE,5,9957.3432
OI001731,O000260,P00162,3,23791.18,40.0,PURCHASE,3,42824.124
OI001732,O000071,P00243,1,9261.16,16.3,PURCHASE,1,7751.59092
OI001733,O000231,P00389,3,23616.9,36.1,PURCHASE,3,45273.59730000001
OI001734,O000664,P00204,1,5514.4,36.5,PURCHASE,1,3501.644
OI001735,O000751,P00468,1,9222.22,32.9,PURCHASE,1,6188.10962
OI001736,O000185,P00193,-5,20264.65,16.8,RETURN,5,-84300.944
OI001737,O000231,P00473,2,2459.19,18.6,PURCHASE,2,4003.56132
OI001738,O000025,P00497,2,10413.9,27.7,PURCHASE,2,15058.4994
OI001739,O000392,P00019,2,17291.68,4.4,PURCHASE,2,33061.69216
OI001740,O000094,P00088,4,12197.64,30.3,PURCHASE,4,34007.02032
OI001741,O000549,P00454,4,16724.48,31.6,PURCHASE,4,45758.177279999996
OI001742,O000432,P00065,2,29973.91,36.3,PURCHASE,2,38186.76134
OI001743,O000468,P00133,1,6998.57,32.8,PURCHASE,1,4703.03904
OI001744,O000579,P00057,5,8818.12,33.9,PURCHASE,5,29143.886600000005
OI001745,O000045,P00026,4,21810.38,21.2,PURCHASE,4,68746.31776
OI001746,O000207,P00202,5,18797.28,33.3,PURCHASE,5,62688.9288
OI001747,O000286,P00277,3,8185.53,37.8,PURCHASE,3,15274.198980000003
OI001748,O000230,P00294,5,8302.2,7.5,PURCHASE,5,38397.675
OI001750,O000337,P00001,2,159.15,0.8,PURCHASE,2,315.7536
OI001751,O000299,P00381,4,17852.94,100.0,PURCHASE,4,0.0
OI001752,O000582,P00047,1,12245.19,0.1,PURCHASE,1,12232.94481
OI001753,O000095,P00197,5,18870.49,32.8,PURCHASE,5,63404.84640000001
OI001754,O000468,P00380,5,28357.62,23.1,PURCHASE,5,109035.04890000001
OI001755,O000046,P00199,1,22018.35,12.0,PURCHASE,1,19376.147999999997
OI001756,O000561,P00218,4,11716.39,1.6,PURCHASE,4,46115.711039999995
OI001757,O000604,P00264,3,7546.33,4.7,PURCHASE,3,21574.957469999998
OI001758,O000457,P00043,1,2646.37,3.7,PURCHASE,1,2548.4543099999996
OI001759,O000711,P00133,3,22800.96,38.5,PURCHASE,3,42067.7712
OI001760,O000194,P00326,3,19975.45,2.7,PURCHASE,3,58308.33855000001
OI001761,O000285,P00212,-4,9717.38,37.7,RETURN,4,-24215.710959999997
OI001762,O000596,P00456,3,13015.08,5.9,PURCHASE,3,36741.57083999999
OI001763,O000142,P00137,1,21219.57,21.6,PURCHASE,1,16636.14288
OI001764,O000142,P00335,2,17934.26,30.7,PURCHASE,2,24856.88436
OI001765,O000401,P00073,1,15073.83,2.8,PURCHASE,1,14651.76276
OI001766,O000140,P00240,2,10819.48,38.8,PURCHASE,2,13243.043520000001
OI001767,O000228,P00177,-4,8910.31,6.4,RETURN,4,-33360.200639999995
OI001768,O000143,P00283,3,3574.24,16.7,PURCHASE,3,8932.025759999999
OI001769,O000647,P00499,3,635.18,26.6,PURCHASE,3,1398.66636
OI001770,O000033,P00032,4,6649.99,10.6,PURCHASE,4,23780.36424
OI001771,O000131,P00288,2,13802.61,1.2,PURCHASE,2,27273.95736
OI001772,O000180,P00103,2,29707.14,25.1,PURCHASE,2,44501.29572
OI001773,O000031,P00336,3,21488.37,0.5,PURCHASE,3,64142.78445
OI001774,O000333,P00115,3,21789.64,38.8,PURCHASE,3,40005.77904000001
OI001775,O000148,P00226,4,25578.69,12.0,PURCHASE,4,90036.98879999999
OI001776,O000637,P00046,3,11041.93,28.8,PURCHASE,3,23585.56248
OI001777,O000750,P00159,4,7858.24,14.0,PURCHASE,4,27032.3456
OI001778,O000420,P00274,2,9603.72,4.1,PURCHASE,2,18419.93496
OI001779,O000685,P00488,2,29607.28,20.4,PURCHASE,2,47134.78976
OI001780,O000397,P00479,3,23516.83,38.1,PURCHASE,3,43670.75331
OI001781,O000079,P00490,5,26527.84,16.4,PURCHASE,5,110886.37120000002
OI001782,O000277,P00405,5,14065.74,3.2,PURCHASE,5,68078.1816
OI001783,O000213,P00186,1,29251.52,4.4,PURCHASE,1,27964.45312
OI001784,O000495,P00155,2,9464.89,10.9,PURCHASE,2,16866.433979999998
OI001785,O000744,P00215,4,28429.48,6.0,PURCHASE,4,106894.84479999999
OI001786,O000259,P00310,3,7777.66,31.4,PURCHASE,3,16006.42428
OI001787,O000708,P00142,3,2729.45,4.9,PURCHASE,3,7787.120849999999
OI001788,O000793,P00101,5,15982.77,100.0,PURCHASE,5,0.0
OI001789,O000231,P00173,5,15063.24,34.6,PURCHASE,5,49256.79479999999
OI001790,O000541,P00265,3,12651.29,0.9,PURCHASE,3,37612.28517
OI001791,O000793,P00010,3,24515.1,39.7,PURCHASE,3,44347.815899999994
OI001792,O000380,P00160,2,8441.08,32.1,PURCHASE,2,11462.986640000001
OI001793,O000122,P00363,4,18377.89,38.0,PURCHASE,4,45577.167199999996
OI001794,O000246,P00255,2,21926.43,34.9,PURCHASE,2,28548.211860000003
OI001795,O000208,P00084,1,6129.17,23.8,PURCHASE,1,4670.42754
OI001796,O000619,P00468,1,24246.87,1.3,PURCHASE,1,23931.660689999997
OI001797,O000487,P00417,1,22531.35,19.9,PURCHASE,1,18047.61135
OI001798,O000781,P00334,5,23442.16,4.2,PURCHASE,5,112287.9464
OI001799,O000160,P00390,3,18543.49,30.1,PURCHASE,3,38885.69853
OI001800,O000101,P00298,3,19120.36,32.9,PURCHASE,3,38489.284680000004
